,PLAYER_ID,PLAYER_NAME,PLAYER_POSITION,TEAM_ID,PLAYER_BACK_NUMBER,PLAYER_BIRTH_DATE,PLAYER_HEIGHT_WEIGHT,PLAYER_EDUCATION_PATH
0,1,권광민,내야수,9,17.0,1997-12-12,"189cm, 102kg",서울청구초-홍은중-장충고
1,2,권민규,투수,9,64.0,2006-05-13,"188cm, 90kg",청주석교초-세광중-세광고
2,3,김건,내야수,9,56.0,2000-02-23,"183cm, 79kg",양정초-개성중-경남고
3,4,김규연,투수,9,,2002-08-23,"183cm, 91kg",동수원초(수원영통구리틀)-매향중-공주고-한화-상무
4,5,김기중,투수,9,15.0,2002-11-16,"186cm, 96kg",의왕부곡초-매송중-유신고
5,6,김도빈,투수,9,62.0,2001-01-05,"190cm, 95kg",서화초-경기신흥중-성지고-강릉영동대
6,7,김민우,투수,9,53.0,1995-07-25,"186cm, 123kg",사파초-마산중-용마고
7,8,김범수,투수,9,47.0,1995-10-03,"181cm, 92kg",온양온천초-온양중-북일고
8,9,김범준,투수,9,49.0,2000-09-30,"175cm, 79kg",서울도곡초-글로벌선진중-충암고
9,10,김서현,투수,9,44.0,2004-05-31,"188cm, 86kg",효제초-자양중-서울고
10,11,김승일,투수,9,14.0,2001-07-07,"183cm, 85kg",해강초(해운대리틀)-센텀중-경남고
11,12,김예준,내야수,9,114.0,2004-10-28,"182cm, 78kg",인천당하초(인천서구리틀)-재능중-강릉고
12,13,김인환,내야수,9,37.0,1994-01-28,"186cm, 100kg",화순초-화순중-화순고-성균관대
13,14,김종수,투수,9,38.0,1994-06-03,"180cm, 88kg",성동초-덕수중-울산공고
14,15,김태연,외야수,9,25.0,1997-06-10,"178cm, 96kg",서울청구초-덕수중-야탑고
15,16,노시환,내야수,9,8.0,2000-12-03,"185cm, 105kg",부산수영초-경남중-경남고
16,17,류현진,투수,9,99.0,1987-03-25,"190cm, 113kg",창영초-동산중-동산고-(대전대)-한화-LA다저스-토론토
17,18,문동주,투수,9,1.0,2003-12-23,"188cm, 97kg",광주화정초-무등중-진흥고
18,19,문승진,투수,9,96.0,2002-04-02,"185cm, 91kg",서울청구초-홍은중-서울고
19,20,문현빈,내야수,9,51.0,2004-04-20,"174cm, 82kg",대전유천초-온양중-북일고
20,21,민승기,투수,9,115.0,2001-07-06,"181cm, 89kg",서울신내초(중랑구리틀)-청량중-경동고-여주대-한화
21,22,박부성,투수,9,111.0,2000-01-17,"185cm, 85kg",마포초(용산구리틀)-선린중-배명고-동의대
22,23,박상언,포수,9,42.0,1997-03-03,"185cm, 90kg",무원초-영남중-유신고-한화-상무
23,24,박상원,투수,9,58.0,1994-09-09,"187cm, 98kg",백운초-서울이수중-휘문고-연세대
24,25,박상현,투수,9,105.0,2005-01-06,"184cm, 83kg",안산슬기초(안산리틀)-안산중-안산공고
25,26,박성웅,투수,9,63.0,1999-08-20,"178cm, 109kg",광주서석초-충장중-광주제일고
26,27,박준영,투수,9,113.0,2003-03-02,"190cm, 103kg",청주우암초(청주시리틀)-세광중-세광고
27,28,배동현,투수,9,61.0,1998-03-16,"183cm, 83kg",판곡초(양평리틀)-언북중-경기고-한일장신대-한화-상무
28,29,배민서,투수,9,45.0,1999-11-18,"184cm, 90kg",대구수창초-경운중-대구상원고-NC-상무-NC
29,30,배승수,내야수,9,98.0,2006-05-15,"184cm, 73kg",가동초-자양중-덕수고
30,31,성지훈,투수,9,,2000-01-29,"181cm, 68kg",송정동초-무등중-광주제일고-동아대
31,32,송호정,내야수,9,54.0,2002-03-10,"185cm, 78kg",수유초-자양중-서울고
32,33,신우재,내야수,9,69.0,1997-11-16,"183cm, 97kg",인천숭의초-자양중-세광고-인천재능대
33,34,심우준,내야수,9,2.0,1995-04-28,"183cm, 75kg",송정동초-언북중-경기고-(영남사이버대)-KT-상무-KT
34,35,안진,포수,9,39.0,2002-11-26,"183cm, 90kg",인헌초-영남중-경기상고
35,36,안치홍,내야수,9,3.0,1990-07-02,"178cm, 97kg",구지초(구리리틀)-대치중-서울고-KIA-경찰-KIA-롯데
36,37,양선률,투수,9,101.0,1997-04-15,"186cm, 91kg",학강초-화순중-화순고-동아대-SK-SSG
37,38,엄상백,투수,9,11.0,1996-10-04,"187cm, 72kg",역삼초-언북중-덕수고-KT-상무-KT
38,39,엄상현,투수,9,107.0,2004-07-06,"175cm, 80kg",중대초(의정부리틀)-건대부중-장충고-홍익대(얼리 드래프트)
39,40,엄요셉,투수,9,108.0,2006-05-29,"190cm, 94kg",오산광성초(오산시리틀)-성일중-구리인창고
40,41,와이스,투수,9,55.0,1996-12-10,"193cm, 95kg",미국 Wright State(대)
41,42,원종혁,투수,9,48.0,2005-08-27,"184cm, 92kg",서울도곡초-휘문중-구리인창고
42,43,유로결,외야수,9,33.0,2000-05-30,"186cm, 83kg",광주서림초-광주동성중-광주제일고
43,44,유민,외야수,9,97.0,2003-01-20,"187cm, 92kg",역삼초-대치중-배명고
44,45,윤대경,투수,9,5.0,1994-04-09,"179cm, 81kg",인천서림초-동인천중-인천고-삼성
45,46,이기창,투수,9,100.0,2005-04-21,"184cm, 88kg",새빛초(수원영통구리틀)-매향중-유신고
46,47,이도윤,내야수,9,7.0,1996-10-07,"175cm, 79kg",고명초-배재중-북일고
47,48,이동영,투수,9,104.0,2006-04-09,"185cm, 85kg",남도초-경상중-대구상원고
48,49,이민우,투수,9,27.0,1993-02-09,"185cm, 104kg",순천북초-순천이수중-효천고-경성대-KIA
49,50,이민재,외야수,9,57.0,2004-03-07,"184cm, 80kg",호동초(안산리틀)-안산중-비봉고-동원과학기술대
50,51,이상규,투수,9,18.0,1996-10-20,"185cm, 77kg",흥인초-청원중-청원고-LG
51,52,이상혁,외야수,9,9.0,2001-09-14,"174cm, 65kg",수원영화초(군포시리틀)-수원북중-장안고-강릉영동대
52,53,이성민,투수,9,93.0,2002-09-28,"191cm, 92kg",남부민초-부산중-부경고
53,54,이승현,내야수,9,60.0,2002-07-23,"172cm, 77kg",부천상인초(원미구리틀)-부천중-포항제철고-성균관대
54,55,이원석,외야수,9,50.0,1999-03-31,"177cm, 80kg",화곡초-충암중-충암고
55,56,이재원,포수,9,20.0,1988-02-24,"185cm, 98kg",인천숭의초-상인천중-인천고-SK-상무-SK-SSG
56,57,이지성,내야수,9,106.0,2005-11-29,"180cm, 78kg",세류초(장안구리틀)-개군중-라온고
57,58,이진영,외야수,9,10.0,1997-07-21,"183cm, 89kg",둔촌초-선린중-선린인터넷고-KIA-경찰-KIA
58,59,이충호,투수,9,19.0,1994-09-20,"182cm, 82kg",인헌초-선린중-충암고
59,60,이태양,투수,9,46.0,1990-07-03,"192cm, 97kg",여수서초-여수중-효천고-한화-SK-SSG
60,61,임종찬,외야수,9,24.0,2001-09-28,"184cm, 85kg",청주우암초-청주중-북일고
61,62,장규현,포수,9,32.0,2002-06-28,"183cm, 96kg",인성초(미추홀구리틀)-동인천중-인천고-한화-상무
62,63,장민재,투수,9,36.0,1990-03-19,"184cm, 106kg",광주화정초-무등중-광주제일고
63,64,장시환,투수,9,28.0,1987-11-01,"184cm, 97kg",태안초-태안중-북일고-현대-히어로즈-상무-히어로즈-KT-롯데
64,65,장지수,투수,9,40.0,2000-05-25,"179cm, 80kg",사당초-강남중-성남고-KIA-상무-KIA
65,66,정민규,내야수,9,65.0,2003-01-10,"183cm, 101kg",광일초(부산서구리틀)-경남중-부산고-한화-상무
66,67,정우주,투수,9,43.0,2006-11-07,"184cm, 88kg",구남초(남양주리틀)-건대부중-전주고
67,68,정이황,투수,9,31.0,2000-03-07,"190cm, 89kg",부산수영초-경남중-부산고
68,69,조동욱,투수,9,68.0,2004-11-02,"190cm, 82kg",소래초-영남중-장충고
69,70,조한민,내야수,9,4.0,2000-10-20,"182cm, 77kg",군산중앙초-군산중-대전고-한화-상무
70,71,주현상,투수,9,66.0,1992-08-10,"177cm, 92kg",청주우암초-청주중-청주고-동아대
71,72,채은성,내야수,9,22.0,1990-02-06,"186cm, 92kg",순천북초-순천이수중-효천고-LG
72,73,최인호,외야수,9,41.0,2000-01-30,"178cm, 82kg",송정동초-광주동성중-포항제철고-한화-상무
73,74,최재훈,포수,9,13.0,1989-08-27,"178cm, 94kg",화곡초-덕수중-덕수고-(방송통신대)-두산-경찰-두산
74,75,최주원,투수,9,109.0,2006-01-11,"185cm, 85kg",경기안성초(안성시리틀)-평택청담중-북일고
75,76,최준서,외야수,9,94.0,2000-06-29,"182cm, 77kg",인천숭의초-율곡중-율곡고-동국대
76,77,폰세,투수,9,30.0,1994-04-25,"198cm, 115kg",미국 California State(대)
77,78,플로리얼,외야수,9,34.0,1997-11-25,"185cm, 88kg",도미니카
78,79,하주석,내야수,9,16.0,1994-02-25,"185cm, 92kg",강남초-덕수중-신일고-한화-상무
79,80,한경빈,내야수,9,6.0,1998-12-11,"178cm, 69kg",인천서림초-상인천중-동산고-인천재능대
80,81,한서구,투수,9,102.0,2003-12-04,"191cm, 98kg",석교초-세광중-대전고
81,82,한승혁,투수,9,26.0,1993-01-03,"185cm, 100kg",도신초-강남중-덕수고-(남부대)-KIA
82,83,한지윤,포수,9,67.0,2006-04-10,"188cm, 98kg",가동초-휘문중-경기상고
83,84,허관회,포수,9,12.0,1999-02-12,"176cm, 93kg",경동초(의정부리틀)-건대부중-경기고
84,85,허인서,포수,9,59.0,2003-07-11,"182cm, 93kg",순천북초-여수중-효천고-한화-상무
85,86,황영묵,내야수,9,95.0,1999-10-16,"177cm, 80kg",수진초-성일중-충훈고
86,87,황준서,투수,9,29.0,2005-08-22,"185cm, 78kg",면일초(중랑구리틀)-상명중-장충고
87,88,강민,투수,5,100.0,2001-04-20,"188cm, 88kg",수유초-홍은중-서울고
88,89,강민균,내야수,5,117.0,2000-07-17,"178cm, 81kg",강남초-서울이수중-덕수고-홍익대
89,90,고영웅,투수,5,116.0,2004-07-29,"180cm, 90kg",태전초(경기광주시리틀)-모가중-야로고BC-동원대
90,91,곽민호,내야수,5,124.0,2004-12-23,"184cm, 90kg",역삼초-자양중-배명고
91,92,구본혁,내야수,5,6.0,1997-01-11,"177cm, 75kg",중대초-잠신중-장충고-동국대-LG-상무
92,93,권동혁,외야수,5,132.0,2003-03-20,"194cm, 97kg",(천안유소년리틀)-온양중-라온고
93,94,김강률,투수,5,37.0,1988-08-28,"187cm, 95kg",문촌초(일산리틀)-장성중-경기고-두산-상무-두산
94,95,김대현,투수,5,12.0,1997-03-08,"188cm, 100kg",홍연초(마포구리틀)-홍은중-선린인터넷고
95,96,김도윤,내야수,5,107.0,2005-02-17,"180cm, 71kg",화중초(덕양구리틀)-경기신일중-야탑고
96,97,김민수,내야수,5,16.0,1998-03-18,"184cm, 97kg",서화초-동산중-제물포고-롯데-경찰-롯데
97,98,김범석,내야수,5,55.0,2004-05-21,"178cm, 110kg",김해삼성초-경남중-경남고
98,99,김성우,포수,5,44.0,2003-11-15,"180cm, 85kg",성동초-건대부중-배재고
99,100,김성진,내야수,5,36.0,2000-03-17,"183cm, 100kg",수원신곡초-매향중-야탑고
100,101,김수인,내야수,5,103.0,1997-10-19,"178cm, 81kg",광주화정초-자양중-신일고-중앙대
101,102,김영우,투수,5,67.0,2005-01-14,"185cm, 90kg",양원초(서대문구리틀)-신월중-서울고
102,103,김영준,투수,5,35.0,1999-01-12,"185cm, 90kg",인천연학초-선린중-선린인터넷고
103,104,김웅,투수,5,129.0,2002-05-10,"191cm, 96kg",동막초-동산중-인천고-강릉영동대
104,105,김유영,투수,5,0.0,1994-05-02,"180cm, 83kg",양정초-개성중-경남고-롯데-상무-롯데
105,106,김의준,투수,5,115.0,1999-10-16,"183cm, 80kg",학강초-광주동성중-광주동성고
106,107,김종운,투수,5,49.0,2006-09-11,"186cm, 85kg",국산초(거제시리틀)-동강중-창원공고야구단
107,108,김주성,내야수,5,5.0,1998-01-30,"180cm, 81kg",수원신곡초-덕수중-휘문고
108,109,김주온,투수,5,57.0,1996-12-08,"187cm, 89kg",울산대현초-구미중-울산공고-SK-SSG
109,110,김지용,투수,5,120.0,2002-10-07,"180cm, 75kg",구리초(구리리틀)-구리인창중-라온고
110,111,김진성,투수,5,42.0,1985-03-07,"186cm, 90kg",인헌초-성남중-성남서고-SK-NC
111,112,김진수,투수,5,45.0,1998-08-31,"179cm, 82kg",이세초-군산중-군산상고-중앙대
112,113,김현수,외야수,5,22.0,1988-01-12,"188cm, 105kg",쌍문초-신일중-신일고-두산-볼티모어-필라델피아
113,114,김현종,외야수,5,66.0,2004-08-04,"186cm, 85kg",상인천초-동인천중-인천고
114,115,김형욱,투수,5,102.0,2002-01-29,"187cm, 90kg",동일중앙초-부산중-부산고
115,116,문보경,내야수,5,2.0,2000-07-19,"182cm, 88kg",송중초(동대문구리틀)-덕수중-신일고
116,117,문성주,외야수,5,8.0,1997-02-20,"175cm, 78kg",포항서초-포항제철중-경북고-강릉영동대
117,118,문정빈,내야수,5,53.0,2003-08-15,"186cm, 90kg",가동초-잠신중-서울고
118,119,박건우,내야수,5,123.0,1998-10-19,"180cm, 85kg",송정동초-광주동성중-광주동성고-단국대
119,120,박관우,외야수,5,64.0,2006-03-22,"174cm, 82kg",욱수초(경산시리틀)-경운중-경북고
120,121,박동원,포수,5,27.0,1990-04-07,"178cm, 92kg",양정초-개성중-개성고-히어로즈-상무-히어로즈-키움-KIA
121,122,박명근,투수,5,39.0,2004-03-27,"174cm, 75kg",수택초(구리리틀)-구리인창중-라온고
122,123,박민호,포수,5,106.0,1998-04-06,"177cm, 80kg",본리초-경상중-대구상원고-경남대
123,124,박시원,투수,5,121.0,2006-04-12,"193cm, 93kg",송수초(해운대리틀)-센텀중-경남고
124,125,박해민,외야수,5,17.0,1990-02-24,"180cm, 75kg",영중초-양천중-신일고-한양대-삼성
125,126,배재준,투수,5,25.0,1994-11-24,"188cm, 85kg",본리초-경상중-대구상원고
126,127,백선기,투수,5,114.0,1998-08-27,"186cm, 70kg",남도초-경상중-대구상원고-KT
127,128,백승현,투수,5,61.0,1995-05-26,"183cm, 90kg",소래초-상인천중-인천고
128,129,서영준,외야수,5,60.0,2006-03-18,"186cm, 90kg",화정초-진흥중-전주고
129,130,성동현,투수,5,34.0,1999-05-18,"189cm, 108kg",백마초-홍은중-장충고
130,131,성준서,투수,5,118.0,2006-04-09,"190cm, 96kg",빛가온초(광명리틀)-평촌중-경기항공고
131,132,손용준,내야수,5,52.0,2000-02-15,"178cm, 85kg",김해화정초(김해리틀)-내동중-김해고-동원과학기술대
132,133,손주영,투수,5,29.0,1998-12-02,"191cm, 95kg",울산대현초-개성중-경남고
133,134,송대현,내야수,5,131.0,2000-02-03,"180cm, 82kg",중대초-자양중-신일고-동국대
134,135,송승기,투수,5,13.0,2002-04-10,"181cm, 90kg",삼일초-매향중-야탑고-LG-상무
135,136,송찬의,외야수,5,14.0,1999-02-20,"182cm, 80kg",화곡초-선린중-선린인터넷고
136,137,신민재,내야수,5,4.0,1996-01-21,"171cm, 67kg",서흥초-동인천중-인천고
137,138,심규빈,외야수,5,108.0,2001-03-27,"181cm, 81kg",잠전초(동대문구리틀)-언북중-서울고-성균관대
138,139,심창민,투수,5,28.0,1993-02-01,"185cm, 86kg",동삼초-경남중-경남고-삼성-상무-삼성-NC
139,140,안시후,투수,5,109.0,2006-05-02,"190cm, 84kg",신곡초-안산중앙중-부천고
140,141,안익훈,외야수,5,15.0,1996-02-12,"176cm, 76kg",대전신흥초-충남중-대전고
141,142,양진혁,투수,5,127.0,2003-06-20,"190cm, 90kg",효제초-성남중-성남고
142,143,엄태경,내야수,5,104.0,2003-05-03,"184cm, 83kg",광명광덕초(광명시리틀)-휘문중-휘문고
143,144,에르난데스,투수,5,30.0,1995-05-03,"185cm, 97kg",베네수엘라 U.E.N Monsenor Perez Leon(고)
144,145,오스틴,내야수,5,23.0,1993-10-14,"183cm, 97kg",미국 Klein Collins(고)
145,146,오지환,내야수,5,10.0,1990-03-12,"185cm, 80kg",군산초-자양중-경기고
146,147,우강훈,투수,5,20.0,2002-10-03,"183cm, 88kg",희망대초-매송중-야탑고-롯데
147,148,우정안,내야수,5,110.0,2006-01-03,"181cm, 79kg",의왕부곡초-서울이수중-덕수고
148,149,원상훈,투수,5,126.0,2004-10-23,"192cm, 95kg",모산초(홍성리틀)-외산중-한국KPOP고
149,150,유영찬,투수,5,54.0,1997-03-07,"185cm, 90kg",덕성초(안산리틀)-배명중-배명고-건국대
150,151,이믿음,투수,5,105.0,2000-07-18,"188cm, 80kg",노암초-경포중-강릉고-강릉영동대
151,152,이영빈,내야수,5,7.0,2002-06-17,"182cm, 82kg",대전동산초(대전중구리틀)-충남중-세광고-LG-상무
152,153,이우찬,투수,5,21.0,1992-08-04,"185cm, 97kg",온양온천초-온양중-북일고-LG-경찰
153,154,이정준,,5,,1977-06-18,"cm, kg",한서고-LG
154,155,이종준,투수,5,40.0,2001-03-09,"191cm, 93kg",군산중앙초-군산남중-군산상고
155,156,이주헌,포수,5,26.0,2003-03-04,"185cm, 92kg",서울이수초-성남중-성남고
156,157,이준서,외야수,5,133.0,2004-11-18,"187cm, 85kg",역삼초-언북중-서울고
157,158,이지강,투수,5,32.0,1999-07-02,"183cm, 85kg",수원선일초-수원북중-소래고
158,159,이태훈,내야수,5,65.0,2006-08-21,"183cm, 83kg",가동초-덕수중-경동고
159,160,이한림,포수,5,0.0,2006-11-18,"182cm, 92kg",해남동초(해남군리틀)-화순중-전주고
160,161,임정균,투수,5,125.0,2004-05-10,"190cm, 92kg",양정초-대천중-부산고
161,162,임준형,투수,5,59.0,2000-11-16,"180cm, 87kg",광주서석초-진흥중-진흥고-LG-상무
162,163,임찬규,투수,5,1.0,1992-11-20,"185cm, 80kg",가동초-청원중-휘문고-LG-경찰
163,164,장현식,투수,5,50.0,1995-02-24,"181cm, 91kg",신도초-서울이수중-서울고-NC-경찰-NC-KIA
164,165,전경원,포수,5,128.0,1999-03-18,"184cm, 95kg",연현초-성남중-성남고-SK-상무-SSG
165,166,전준호,투수,5,111.0,1998-07-01,"181cm, 80kg",양도초-강남중-청원고
166,167,정우영,투수,5,18.0,1999-08-19,"193cm, 99kg",가평초-강남중-서울고
167,168,정지헌,투수,5,,2003-01-01,"180cm, 85kg",동수원초(수원영통리틀)-매향중-유신고-고려대(얼리 드래프트)-LG-상무
168,169,조건희,투수,5,101.0,2002-03-26,"184cm, 84kg",계상초(노원구리틀)-상명중-서울고
169,170,조원태,투수,5,130.0,2003-05-10,"186cm, 92kg",토성초(강동구리틀)-건대부중-선린인터넷고
170,171,진우영,투수,5,48.0,2001-02-05,"188cm, 97kg",성동초-글로벌선진학교
171,172,최승민,외야수,5,62.0,1996-07-01,"181cm, 73kg",서울학동초-대치중-신일고-상무-NC
172,173,최용하,투수,5,112.0,2002-11-29,"183cm, 84kg",응암초(서대문구리틀)-동도중-서울디자인고
173,174,최원영,외야수,5,3.0,2003-07-18,"174cm, 76kg",부산수영초-사직중-부산고
174,175,최채흥,투수,5,56.0,1995-01-22,"186cm, 97kg",동천초-포항중-대구상원고-한양대-삼성-상무-삼성
175,176,추세현,투수,5,63.0,2006-04-19,"187cm, 90kg",성신초(서울중구리틀)-청량중-경기상고
176,177,치리노스,투수,5,46.0,1993-12-26,"188cm, 102kg",베네수엘라 U.E.N heroes nigales(고)
177,178,코엔 윈,투수,5,,1999-01-25,"193cm, 86kg",호주 Grand Canyon(대)-LG
178,179,하영진,투수,5,119.0,2001-02-28,"182cm, 80kg",안산상록초-원주중-원주고
179,180,함덕주,투수,5,11.0,1995-01-13,"181cm, 78kg",일산초-원주중-원주고-두산
180,181,함창건,외야수,5,24.0,2001-08-18,"176cm, 83kg",백운초-충암중-충암고
181,182,허용주,투수,5,43.0,2003-06-05,"194cm, 88kg",사파초-마산동중-용마고
182,183,허준혁,투수,5,58.0,1999-07-02,"180cm, 85kg",가평초(가평군리틀)-영동중-경기고-한일장신대-LG-상무
183,184,홍창기,외야수,5,51.0,1993-11-21,"189cm, 94kg",대일초-매송중-안산공고-건국대-LG-경찰
184,185,감보아,투수,2,32.0,1997-01-17,"185cm, 92kg",미국 Fresno City(대)
185,186,강성우,내야수,2,,2005-04-12,"182cm, 77kg",대전유천초-한밭중-청주고-롯데-상무
186,187,강승구,포수,2,39.0,2003-10-19,"180cm, 83kg",동막초-상인천중-제물포고-강릉영동대
187,188,고승민,내야수,2,2.0,2000-08-11,"189cm, 92kg",군산신풍초-천안북중-북일고
188,189,구승민,투수,2,22.0,1990-06-12,"182cm, 86kg",동일초(도봉구리틀)-청원중-청원고-홍익대-롯데-상무
189,190,김강현,투수,2,19.0,1995-02-27,"177cm, 84kg",고명초-청원중-청원고
190,191,김기준,투수,2,125.0,2004-04-16,"188cm, 90kg",대해초-대구중-경북고
191,192,김대현,외야수,2,100.0,2003-11-15,"176cm, 84kg",광주서림초-광주충장BC-광주제일고-부산과학기술대
192,193,김도규,투수,2,124.0,1998-07-11,"192cm, 118kg",고봉초-충암중-안산공고
193,194,김동규,내야수,2,121.0,1999-04-08,"185cm, 85kg",안일초(안양시리틀)-현도중-포항제철고
194,195,김동혁,외야수,2,50.0,2000-09-15,"177cm, 77kg",서화초-상인천중-제물포고-강릉영동대
195,196,김동현,외야수,2,64.0,2004-12-30,"185cm, 100kg",인천병방초(인천서구리틀)-재능중-제물포고-부산과학기술대
196,197,김민성,내야수,2,16.0,1988-12-17,"181cm, 94kg",고명초-잠신중-덕수정보고-(영남사이버대)-롯데-히어로즈-키움-LG
197,198,김상수,투수,2,24.0,1988-01-02,"180cm, 88kg",신자초(자이언츠리틀)-자양중-신일고-(방송통신대)-삼성-상무-키움-SK-SSG
198,199,김세민,내야수,2,119.0,2003-06-14,"183cm, 78kg",강릉중앙초-하슬라중-강릉고
199,200,김원중,투수,2,34.0,1993-06-14,"192cm, 96kg",학강초-광주동성중-광주동성고
200,201,김진욱,투수,2,15.0,2002-07-05,"185cm, 90kg",수원신곡초-춘천중-강릉고
201,202,김태균,투수,2,107.0,2006-07-31,"191cm, 97kg",(부산동래구리틀)-대신중-경남고
202,203,김태현,투수,2,66.0,2005-11-16,"185cm, 87kg",광주서림초-진흥중-광주제일고
203,204,김현우,투수,2,101.0,2006-03-18,"183cm, 90kg",수지초(분당로열스리틀)-여강중-야탑고
204,205,나균안,투수,2,43.0,1998-03-16,"186cm, 109kg",무학초-창원신월중-용마고
205,206,나승엽,내야수,2,51.0,2002-02-15,"190cm, 82kg",남정초-선린중-덕수고-롯데-상무
206,207,노진혁,내야수,2,52.0,1989-07-15,"184cm, 80kg",광주대성초-광주동성중-광주동성고-성균관대-NC-상무-NC
207,208,데이비슨,투수,2,36.0,1996-03-25,"188cm, 97kg",미국 Midland(대)
208,209,레이예스,외야수,2,29.0,1994-10-05,"196cm, 87kg",베네수엘라 Dr Felipe Guevara(고)
209,210,박건,외야수,2,129.0,2002-04-25,"185cm, 90kg",강진북초-나주세지중-광주동성고-부산과학기술대
210,211,박건우,포수,2,109.0,2003-02-01,"183cm, 92kg",성동초-건대부중-장충고-고려대
211,212,박로건,투수,2,117.0,2001-08-27,"186cm, 88kg",군산중앙초-청원중-전주고
212,213,박세웅,투수,2,21.0,1995-11-30,"182cm, 85kg",대구경운초-경운중-경북고-KT
213,214,박세진,투수,2,41.0,1997-06-27,"178cm, 93kg",본리초-경운중-경북고-KT
214,215,박세현,투수,2,68.0,2006-01-21,"183cm, 88kg",중화초(중랑구리틀)-상명중-배명고
215,216,박승욱,내야수,2,53.0,1992-12-04,"184cm, 83kg",칠성초-경복중-대구상원고-SK-KT
216,217,박시영,투수,2,25.0,1989-03-10,"181cm, 92kg",축현초-인천신흥중-제물포고-(영남사이버대)-롯데-KT
217,218,박영완,투수,2,120.0,2000-07-22,"183cm, 85kg",양덕초-마산동중-대구고
218,219,박재엽,포수,2,63.0,2006-01-23,"184cm, 92kg",부산대연초-개성중-부산고
219,220,박준우,투수,2,58.0,2005-05-27,"190cm, 94kg",상동초(부천시리틀)-부천중-유신고
220,221,박지훈,내야수,2,108.0,2002-05-14,"176cm, 75kg",서흥초-동산중-동산고-송원대
221,222,박진,투수,2,44.0,1999-04-02,"182cm, 106kg",부산대연초-부산중-부산고
222,223,박진형,투수,2,40.0,1994-06-10,"181cm, 77kg",영랑초-경포중-강릉고
223,224,박찬형,내야수,2,130.0,2002-10-17,"175cm, 78kg",중대초-언북중-배재고
224,225,반즈,투수,2,,1995-10-01,"189cm, 91kg",미국 Clemson(대)-롯데
225,226,배세종,투수,2,122.0,2001-12-01,"190cm, 108kg",부림초(안양시리틀)-충암중-충암고-동아대
226,227,배인혁,내야수,2,127.0,2004-01-29,"170cm, 70kg",새빛초(용인수지구리틀)-동인천중-인천고
227,228,백두산,포수,2,62.0,2001-05-20,"180cm, 95kg",부산수영초-대천중-개성고-동의대
228,229,서동욱,포수,2,106.0,2000-03-24,"175cm, 88kg",순천남산초-순천이수중-순천효천고BC-홍익대
229,230,손성빈,포수,2,28.0,2002-01-14,"186cm, 92kg",희망대초-경기신흥중-장안고-롯데-상무
230,231,손호영,내야수,2,33.0,1994-08-23,"182cm, 88kg",의왕부곡초-평촌중-충훈고-LG
231,232,송재영,투수,2,59.0,2002-06-20,"181cm, 84kg",수원잠원초(수원영통구리틀)-매향중-라온고-롯데-상무
232,233,신병률,투수,2,12.0,1996-01-30,"175cm, 82kg",둔촌초-잠신중-휘문고-단국대-KT
233,234,신윤후,내야수,2,3.0,1996-01-05,"177cm, 77kg",무학초-마산중-마산고-동의대
234,235,심재민,투수,2,23.0,1994-02-18,"182cm, 92kg",장유초(김해엔젤스리틀)-개성중-개성고-(전남과학대)-KT
235,236,엄장윤,포수,2,123.0,2003-10-07,"179cm, 78kg",사직초(부산동래구리틀)-사직중-부경고
236,237,오창현,외야수,2,114.0,2002-05-21,"165cm, 65kg",서울자운초(노원구리틀)-자양중-신일고-중앙대
237,238,유강남,포수,2,27.0,1992-07-15,"182cm, 88kg",청원초-휘문중-서울고-LG-상무-LG
238,239,유태웅,내야수,2,,2002-03-13,"175cm, 77kg",효제초-홍은중-성남고-동의대
239,240,윤동희,외야수,2,91.0,2003-09-18,"187cm, 85kg",현산초-대원중-야탑고
240,241,윤성빈,투수,2,55.0,1999-02-26,"197cm, 90kg",동일중앙초-경남중-부산고
241,242,윤수녕,외야수,2,126.0,2000-03-01,"173cm, 73kg",대전신흥초-한밭중-대전고-연세대
242,243,이민석,투수,2,37.0,2003-12-10,"189cm, 95kg",부산수영초-대천중-개성고
243,244,이병준,투수,2,45.0,2002-05-28,"185cm, 95kg",부산청동초(부산영도구리틀)-경남중-개성고
244,245,이상화,외야수,2,,2002-03-25,"181cm, 87kg",포항대해초-포항제철중-포항제철고-강릉영동대
245,246,이승헌,투수,2,47.0,1998-12-19,"196cm, 97kg",무학초-마산동중-용마고
246,247,이영재,투수,2,103.0,2006-10-20,"180cm, 71kg",태봉초(의정부시유소년야구단)-신흥중-신흥고
247,248,이인한,외야수,2,54.0,1998-12-24,"183cm, 95kg",광주대성초-심석중-강릉고-강릉영동대
248,249,이주찬,내야수,2,116.0,1998-09-21,"181cm, 86kg",송수초(해운대리틀)-센텀중-경남고-동의대
249,250,이태경,내야수,2,69.0,2002-11-24,"176cm, 77kg",광주송정동초-무등중-광주제일고-한일장신대
250,251,이호준,내야수,2,30.0,2004-03-20,"172cm, 72kg",대구옥산초-대구경운중-대구상원고
251,252,장두성,외야수,2,7.0,1999-09-16,"176cm, 75kg",축현초-재능중-동산고
252,253,전민재,내야수,2,13.0,1999-06-30,"181cm, 73kg",천안남산초-천안북중-대전고-두산
253,254,전준우,외야수,2,8.0,1986-02-25,"184cm, 98kg",흥무초-경주중-경주고-건국대-롯데-경찰
254,255,정보근,포수,2,42.0,1999-08-31,"175cm, 89kg",부산수영초-경남중-경남고
255,256,정선우,투수,2,115.0,2002-06-12,"173cm, 80kg",관동초(김해시리틀)-개성중-마산고-동아대
256,257,정성종,투수,2,18.0,1995-11-16,"181cm, 93kg",광주서석초-무등중-광주제일고-인하대-롯데-상무
257,258,정우준,투수,2,46.0,2000-03-17,"180cm, 82kg",태랑초(남양주리틀)-청원중-서울고-강릉영동대-롯데-상무
258,259,정철원,투수,2,65.0,1999-03-27,"192cm, 95kg",역북초-송전중-안산공고-두산
259,260,정현수,투수,2,57.0,2001-05-10,"180cm, 84kg",부산대연초-부산중-부산고-송원대
260,261,정훈,내야수,2,9.0,1987-07-18,"180cm, 85kg",양덕초-마산동중-용마고
261,262,조경민,투수,2,128.0,2004-09-17,"179cm, 78kg",상원초-개군중-강릉고
262,263,조세진,외야수,2,5.0,2003-11-21,"181cm, 86kg",장안초(성남중원구리틀)-선린중-서울고-롯데-상무
263,264,조영우,투수,2,104.0,2006-05-15,"182cm, 82kg",인천서림초-동산중-인천고
264,265,진승현,투수,2,,2003-09-05,"184cm, 108kg",본리초-협성경복중-경북고-롯데-상무
265,266,진해수,투수,2,31.0,1986-06-26,"187cm, 85kg",동삼초-경남중-부경고-KIA-상무-KIA-SK-LG
266,267,최민규,내야수,2,105.0,2004-02-23,"173cm, 74kg",광주수창초-충장중-광주제일고-부산과학기술대
267,268,최이준,투수,2,49.0,1999-04-10,"182cm, 90kg",서울이수초-대치중-장충고-KT
268,269,최준용,투수,2,56.0,2001-10-10,"185cm, 85kg",부산수영초-대천중-경남고
269,270,최항,내야수,2,14.0,1994-01-03,"183cm, 88kg",대일초-매송중-유신고-SK-SSG
270,271,하혜성,투수,2,118.0,2003-06-09,"191cm, 85kg",서울도곡초-언북중-덕수고
271,272,한승현,외야수,2,35.0,2006-10-29,"183cm, 80kg",신양초(강동구리틀)-건대부중-장충고
272,273,한태양,내야수,2,6.0,2003-09-15,"181cm, 76kg",역삼초-언북중-덕수고-롯데-상무
273,274,한현희,투수,2,1.0,1993-06-25,"182cm, 98kg",동삼초-경남중-경남고-히어로즈-키움
274,275,현도훈,투수,2,17.0,1993-01-13,"188cm, 95kg",풍양초(남양주리틀)-서울신일중-일본 교토고쿠사이고-일본 큐슈교리츠대-두
275,276,홍민기,투수,2,38.0,2001-07-20,"185cm, 85kg",법동초-한밭중-대전고
276,277,황성빈,외야수,2,0.0,1997-12-19,"172cm, 76kg",관산초-안산중앙중-소래고-경남대
277,278,강건,투수,7,99.0,2004-07-12,"183cm, 85kg",원일초(영통구리틀)-매향중-장안고
278,279,강민성,내야수,7,5.0,1999-12-08,"180cm, 85kg",대구옥산초-경상중-경북고
279,280,강백호,포수,7,50.0,1999-07-29,"184cm, 98kg",부천북초-서울이수중-서울고
280,281,강현우,포수,7,55.0,2001-04-13,"180cm, 90kg",원종초(부천시리틀)-부천중-유신고
281,282,고영표,투수,7,1.0,1991-09-16,"187cm, 88kg",광주대성초-광주동성중-화순고-동국대
282,283,권동진,내야수,7,52.0,1998-09-12,"178cm, 83kg",제주신광초-세광중-세광고-원광대-KT-상무
283,284,권성준,투수,7,115.0,2003-03-09,"185cm, 88kg",대구옥산초-경복중-경북고
284,285,김건형,외야수,7,0.0,1996-07-12,"182cm, 83kg",먼우금초-Lesbois(중)-Timberline(고)-Boise State(대)
285,286,김동현,투수,7,40.0,2006-01-21,"193cm, 97kg",신천초(고양덕양구리틀)-잠신중-서울고
286,287,김민석,포수,7,97.0,2005-07-22,"181cm, 93kg",창영초-동인천중-제물포고
287,288,김민수,투수,7,26.0,1992-07-24,"188cm, 80kg",청원초-청원중-청원고-성균관대-KT-상무
288,289,김민혁,외야수,7,53.0,1995-11-21,"181cm, 71kg",광주서석초-배재중-배재고-KT-상무
289,290,김병준,외야수,7,57.0,2003-07-03,"175cm, 80kg",창촌초(안산리틀)-안산중앙중-유신고
290,291,김상수,내야수,7,7.0,1990-03-23,"175cm, 68kg",대구옥산초-경복중-경북고-삼성
291,292,김재원,투수,7,43.0,2006-08-21,"190cm, 90kg",서울청구초-홍은중-장충고
292,293,김주완,투수,7,98.0,1999-10-07,"180cm, 77kg",송정동초-무등중-청담고-동강대-두산
293,294,김준태,포수,7,44.0,1994-07-31,"175cm, 91kg",양정초-개성중-경남고-(영남사이버대)-롯데-상무-롯데
294,295,김철호,내야수,7,9.0,1998-02-06,"182cm, 87kg",서화초-재능중-율곡고
295,296,김태오,투수,7,20.0,1997-07-29,"183cm, 84kg",연현초-양천중-서울고-KT-상무
296,297,로하스,외야수,7,3.0,1990-05-24,"189cm, 102kg",미국 Wabash Valley(대)-KT
297,298,문상준,내야수,7,113.0,2001-03-14,"183cm, 80kg",가동초-휘문중-휘문고
298,299,문상철,내야수,7,24.0,1991-04-06,"184cm, 85kg",중대초-잠신중-배명고-고려대-KT-상무
299,300,문용익,투수,7,18.0,1995-02-04,"178cm, 93kg",덕양초-양천중-청원고-세계사이버대-삼성
300,301,박건우,투수,7,46.0,2006-11-28,"182cm, 95kg",서울행당초(성동구유소년야구단)-충암중-충암고
301,302,박민석,외야수,7,104.0,2006-07-27,"178cm, 83kg",남정초-건대부중-덕수고
302,303,박민석,내야수,7,2.0,2000-04-13,"180cm, 77kg",성동초-덕수중-장충고
303,304,박영현,투수,7,60.0,2003-10-11,"183cm, 91kg",부천북초-부천중-유신고
304,305,박준혁,투수,7,102.0,2006-03-10,"178cm, 84kg",서울대왕초(강남구리틀)-휘문중-휘문고
305,306,박태완,내야수,7,58.0,2005-09-04,"173cm, 77kg",중동초(부천시리틀)-부천중-유신고
306,307,배정대,외야수,7,27.0,1995-06-12,"185cm, 80kg",도신초-성남중-성남고-(디지털문예대)-LG-KT-경찰
307,308,서영준,투수,7,112.0,2002-08-27,"175cm, 78kg",현암초(용인수지리틀)-성남성일중-백송고-홍익대
308,309,성재헌,투수,7,15.0,1997-12-22,"175cm, 82kg",도신초-성남중-성남고-연세대-LG
309,310,소형준,투수,7,30.0,2001-09-16,"189cm, 92kg",호암초(의정부리틀)-구리인창중-유신고
310,311,손동현,투수,7,41.0,2001-01-23,"183cm, 88kg",염창초(강서구리틀)-덕수중-성남고-KT-상무
311,312,송민섭,외야수,7,28.0,1991-08-02,"177cm, 80kg",청파초(안산리틀)-선린중-선린인터넷고-단국대-KT-상무
312,313,신범준,외야수,7,62.0,2002-06-01,"189cm, 78kg",원일초(수원영통구리틀)-매향중-장안고
313,314,신호준,외야수,7,68.0,2004-10-21,"186cm, 90kg",백마초-포항중-경주고
314,315,안치영,외야수,7,8.0,1998-05-29,"176cm, 72kg",중동초(원미구리틀)-천안북중-북일고
315,316,안현민,외야수,7,23.0,2003-08-22,"183cm, 90kg",임호초(김해리틀)-개성중-마산고
316,317,오서진,내야수,7,25.0,2006-02-22,"188cm, 80kg",수원신곡초-수원북중-유신고
317,318,오원석,투수,7,47.0,2001-04-23,"182cm, 80kg",수진초-매송중-야탑고-SK-SSG
318,319,오윤석,내야수,7,4.0,1992-02-24,"180cm, 87kg",화중초-자양중-경기고-연세대-롯데-상무-롯데
319,320,오재일,내야수,7,36.0,1986-10-29,"187cm, 95kg",인창초(구리리틀)-구리인창중-야탑고-현대-상무-히어로즈-두산-삼성
320,321,우규민,투수,7,12.0,1985-01-21,"184cm, 75kg",성동초-휘문중-휘문고-LG-경찰-LG-삼성
321,322,우종휘,투수,7,94.0,2003-12-15,"187cm, 90kg",길동초-휘문중-휘문고
322,323,원상현,투수,7,63.0,2004-10-16,"183cm, 83kg",가산초(부산진구리틀)-개성중-부산고
323,324,유준규,외야수,7,67.0,2002-08-16,"176cm, 69kg",군산신풍초-군산중-군산상고
324,325,유호식,투수,7,101.0,1999-05-11,"190cm, 104kg",서울청구초-덕수중-성남고-SK-SSG
325,326,육청명,투수,7,64.0,2005-07-18,"186cm, 90kg",강남초-선린중-강릉고
326,327,윤상인,투수,7,107.0,2004-04-01,"183cm, 80kg",서울도곡초-언북중-신일고-동원과학기술대
327,328,윤준혁,내야수,7,35.0,2001-07-26,"186cm, 86kg",역촌초(은평구리틀)-충암중-충암고
328,329,이상동,투수,7,37.0,1995-11-24,"181cm, 88kg",대구옥산초-경복중-경북고-영남대
329,330,이상우,투수,7,48.0,2003-10-14,"190cm, 95kg",연현초-수원북중-유신고
330,331,이선우,투수,7,61.0,2000-09-19,"186cm, 90kg",수진초-매송중-유신고
331,332,이승언,투수,7,90.0,2005-03-04,"186cm, 95kg",한일초(장안구리틀)-수일중-장안고
332,333,이승준,내야수,7,109.0,2006-02-01,"170cm, 65kg",진말초(와이번스리틀)-소래중-장안고
333,334,이승현,포수,7,96.0,2005-01-26,"184cm, 90kg",비전초(평택리틀)-개군중-북일고
334,335,이용현,내야수,7,106.0,2006-01-06,"188cm, 85kg",평택부용초(안성시리틀)-평택청담중-강릉고
335,336,이정현,투수,7,21.0,1997-12-05,"188cm, 93kg",무학초-마산동중-용마고
336,337,이정환,포수,7,103.0,2006-04-12,"182cm, 90kg",수원신곡초-매향중-안산공고
337,338,이정훈,외야수,7,33.0,1994-12-07,"185cm, 90kg",교문초-배재중-휘문고-경희대-KIA-상무-KIA-롯데
338,339,이종혁,투수,7,66.0,1997-05-29,"190cm, 86kg",대구옥산초-경복중-대구고
339,340,이준명,투수,7,95.0,2002-12-18,"193cm, 100kg",정목초(강서구리틀)-덕수중-성남고-동의대(얼리 드래프트)
340,341,이채호,투수,7,17.0,1998-11-23,"185cm, 85kg",동광초(김해시리틀)-원동중-용마고-SK-SSG
341,342,이태규,투수,7,45.0,2000-02-21,"188cm, 72kg",희망대초-매향중-장안고-KIA
342,343,이현민,투수,7,49.0,2001-10-13,"185cm, 86kg",방화초(김포중앙리틀)-원당중-구리인창고
343,344,이호연,내야수,7,34.0,1995-06-03,"177cm, 87kg",광주수창초-진흥중-광주제일고-성균관대-롯데
344,345,장민호,투수,7,110.0,2002-07-05,"180cm, 85kg",둔촌초-배재중-배재고-동국대
345,346,장성우,포수,7,22.0,1990-01-17,"187cm, 100kg",감천초-경남중-경남고-롯데-경찰-롯데
346,347,장준원,내야수,7,56.0,1995-11-21,"183cm, 77kg",경운초(김해시리틀)-개성중-경남고-LG
347,348,장진혁,외야수,7,51.0,1993-09-30,"184cm, 90kg",광주화정초-충장중-광주제일고-단국대-한화
348,349,전용주,투수,7,29.0,2000-02-12,"188cm, 87kg",양진초(안성시리틀)-성일중-안산공고
349,350,정영웅,외야수,7,108.0,1999-12-25,"171cm, 75kg",광주화정초-무등중-광주제일고-원광대
350,351,정운교,투수,7,111.0,2002-05-27,"181cm, 90kg",강릉중앙초-경포중-설악고-건국대
351,352,정정우,투수,7,116.0,2004-01-13,"185cm, 83kg",활천초(김해리틀)-내동중-용마고
352,353,조대현,포수,7,42.0,1999-08-06,"183cm, 81kg",길동초-매송중-유신고
353,354,조이현,투수,7,54.0,1995-06-27,"185cm, 95kg",송정동초-배재중-제주고-한화-SK-상무-SK-SSG
354,355,주권,투수,7,38.0,1995-05-31,"181cm, 82kg",청주우암초-청주중-청주고
355,356,지명성,투수,7,39.0,2002-02-15,"173cm, 65kg",의정부청룡초(의정부리틀)-배명중-신일고
356,357,천성호,내야수,7,14.0,1997-10-30,"183cm, 85kg",광주화정초-충장중-진흥고-단국대-KT-상무
357,358,최동환,투수,7,16.0,1989-09-19,"184cm, 83kg",인헌초-선린중-경동고-LG
358,359,최동희,외야수,7,100.0,2003-07-26,"184cm, 80kg",연지초(노원구리틀)-상명중-장충고
359,360,최성민,외야수,7,31.0,2002-07-05,"179cm, 84kg",송정동초-무등중-광주동성고
360,361,최용준,투수,7,92.0,2001-12-19,"192cm, 105kg",양산신양초(양산구리틀)-경남중-부산공고-KIA
361,362,쿠에바스,투수,7,32.0,1990-10-14,"188cm, 98kg",베네수엘라 Carabobo(대)
362,363,한지웅,투수,7,93.0,2003-07-07,"189cm, 82kg",대정초(인천시리틀)-상인천중-인천고
363,364,한차현,투수,7,59.0,1998-11-30,"180cm, 80kg",사능초(남양주리틀)-청원중-포항제철고-성균관대
364,365,허경민,내야수,7,13.0,1990-08-26,"176cm, 69kg",송정동초-충장중-광주제일고-두산-경찰-두산
365,366,헤이수스,투수,7,65.0,1996-12-10,"192cm, 104kg",베네수엘라 Juanita Hernandez(고)-키움
366,367,황재균,내야수,7,10.0,1987-07-28,"183cm, 96kg",사당초-서울이수중-경기고-현대-히어로즈-롯데-샌프란시스코
367,368,강민성,내야수,3,127.0,2006-02-22,"183cm, 85kg",연현초-잠신중-안산공고
368,369,강민호,포수,3,47.0,1985-08-18,"185cm, 100kg",제주신광초-포철중-포철공고-(국제디지털대)-롯데
369,370,강한울,내야수,3,6.0,1991-09-12,"181cm, 66kg",사당초-중앙중-안산공고-원광대-KIA-삼성-상무
370,371,공민규,내야수,3,9.0,1999-09-27,"183cm, 85kg",서화초-동산중-인천고-삼성-상무
371,372,구자욱,외야수,3,5.0,1993-02-12,"189cm, 75kg",본리초-경복중-대구고-삼성-상무
372,373,권현우,투수,3,41.0,2006-03-28,"190cm, 93kg",광주서림초-충장중-광주제일고
373,374,김대우,투수,3,17.0,1988-11-21,"183cm, 85kg",역삼초-대치중-서울고-홍익대-히어로즈-상무-히어로즈
374,375,김대호,투수,3,44.0,2001-10-15,"185cm, 100kg",제주신광초-이평중-군산상고-고려대
375,376,김도환,포수,3,24.0,2000-04-14,"178cm, 90kg",언북초(의정부리틀)-영동중-신일고-삼성-상무
376,377,김동현,투수,3,123.0,2001-05-25,"186cm, 95kg",용현초(인천남구리틀)-동인천중-인천고-강릉영동대
377,378,김무신,투수,3,48.0,1999-12-08,"185cm, 95kg",온양온천초-온양중-북일고-(대구대)-삼성-상무
378,379,김민수,포수,3,12.0,1991-03-02,"177cm, 80kg",대구옥산초-경복중-대구상원고-영남대-한화-상무
379,380,김백산,투수,3,120.0,2003-10-13,"183cm, 86kg",남산초-원주중-강릉고-부산과학기술대
380,381,김상준,내야수,3,125.0,2002-12-30,"176cm, 75kg",양덕초-마산동중-물금고-동원과학기술대
381,382,김성경,투수,3,122.0,1999-10-01,"181cm, 84kg",학강초-망운중-광주동성고-송원대(얼리 드래프트)
382,383,김성윤,외야수,3,39.0,1999-02-02,"163cm, 62kg",창신초(부산진구리틀)-원동중-포항제철고
383,384,김시온,투수,3,100.0,2003-10-30,"189cm, 89kg",서당초-대원중-율곡고
384,385,김영웅,내야수,3,30.0,2003-08-24,"183cm, 81kg",공주중동초-야로중-물금고
385,386,김유현,투수,3,119.0,2004-02-07,"184cm, 93kg",광주서석초-광주동성중-광주동성고-동강대
386,387,김재성,포수,3,2.0,1996-10-30,"185cm, 85kg",신광초-성남중-덕수고-LG-경찰-LG
387,388,김재윤,투수,3,62.0,1990-09-16,"185cm, 91kg",서울도곡초-휘문중-휘문고-KT
388,389,김재혁,외야수,3,8.0,1999-12-26,"182cm, 85kg",제주남초-제주제일중-제주고-동아대-삼성-상무
389,390,김재형,내야수,3,124.0,2005-11-22,"186cm, 102kg",봉천초-선린중-덕수고
390,391,김지찬,외야수,3,58.0,2001-03-08,"163cm, 64kg",백사초(이천시리틀)-모가중-라온고
391,392,김태근,외야수,3,64.0,1996-08-10,"175cm, 74kg",광진초(광진구리틀)-건대부중-배명고-건국대-두산-상무
392,393,김태훈,외야수,3,25.0,1996-03-31,"177cm, 78kg",진흥초(안산리틀)-평촌중-유신고-KT
393,394,김태훈,투수,3,27.0,1992-03-02,"187cm, 101kg",남부민초-대신중-부경고-히어로즈-경찰-히어로즈-키움
394,395,김헌곤,외야수,3,32.0,1988-11-09,"174cm, 81kg",회원초-경복중-제주관광고-영남대-삼성-상무
395,396,김호진,내야수,3,,2005-07-16,"183cm, 84kg",송정동초-충장중-진흥고-삼성-상무
396,397,디아즈,내야수,3,0.0,1996-11-19,"188cm, 105kg",도미니카 Daniel Smith(고)
397,398,레예스,투수,3,,1996-11-02,"198cm, 113kg",도미니카 Melida Altagracia Baez(고)-삼성
398,399,류지혁,내야수,3,16.0,1994-01-13,"181cm, 75kg",청원초-선린중-충암고-두산-상무-두산-KIA
399,400,박병호,내야수,3,52.0,1986-07-10,"185cm, 107kg",영일초(광명리틀)-영남중-성남고-상무-LG-히어로즈-미네소타-넥센-키움-KT
400,401,박승규,외야수,3,66.0,2000-09-02,"178cm, 80kg",일산초-덕수중-경기고-삼성-상무
401,402,박장민,내야수,3,116.0,2003-09-02,"179cm, 80kg",칠성초-경상중-대구고
402,403,박주혁,투수,3,101.0,2001-05-18,"182cm, 82kg",남정초-덕수중-휘문고-삼성-상무
403,404,박준용,투수,3,113.0,2003-12-19,"184cm, 92kg",북삼초(구미시리틀)-구미중-경북고-수성대
404,405,박진우,포수,3,111.0,2003-10-14,"176cm, 87kg",글꽃초(대전중구리틀)-현도중-청주고
405,406,배찬승,투수,3,55.0,2006-01-01,"180cm, 85kg",대구옥산초-협성경복중-대구고
406,407,백정현,투수,3,29.0,1987-07-13,"184cm, 80kg",대구옥산초-대구중-대구상원고
407,408,송은범,투수,3,46.0,1984-03-17,"182cm, 93kg",서흥초-동산중-동산고-SK-KIA-한화-LG
408,409,신경민,투수,3,110.0,2004-03-16,"186cm, 103kg",칠성초-경상중-대구고
409,410,심재훈,내야수,3,38.0,2006-03-03,"180cm, 80kg",삼일초-평촌중-유신고
410,411,안주형,내야수,3,14.0,1993-08-14,"176cm, 68kg",부산중앙초-부산중-부경고-영남대
411,412,양도근,내야수,3,68.0,2003-02-06,"173cm, 72kg",인천동막초-상인천중-장안고-강릉영동대
412,413,양우현,내야수,3,53.0,2000-04-13,"175cm, 82kg",남정초-충암중-충암고
413,414,양창섭,투수,3,42.0,1999-09-22,"182cm, 85kg",녹천초(노원구리틀)-청량중-덕수고
414,415,양현,투수,3,19.0,1992-08-23,"189cm, 104kg",영랑초-한밭중-대전고-두산-상무-히어로즈-키움
415,416,오승환,투수,3,21.0,1982-07-15,"178cm, 93kg",도신초-우신중-경기고-단국대-삼성-한신-세인트루이스-토론토-콜로라도
416,417,오현석,내야수,3,103.0,2001-03-05,"183cm, 99kg",고명초-홍은중-안산공고
417,418,우승완,투수,3,128.0,2005-09-06,"186cm, 90kg",대전구봉초(계룡시리틀)-충남중-세광고
418,419,원태인,투수,3,18.0,2000-04-06,"183cm, 92kg",율하초(중구리틀)-경복중-경북고
419,420,유병선,투수,3,102.0,2005-09-12,"181cm, 84kg",무학초(성동구리틀)-청량중-경동고
420,421,육선엽,투수,3,4.0,2005-07-13,"190cm, 90kg",백마초-서울신월중-장충고
421,422,윤정빈,외야수,3,31.0,1999-06-24,"182cm, 93kg",신도초-부천중-부천고-삼성-상무
422,423,이병헌,포수,3,23.0,1999-10-26,"180cm, 87kg",인천숭의초-인천신흥중-제물포고
423,424,이상민,투수,3,15.0,1990-11-04,"180cm, 85kg",남도초(수성리틀)-대구중-경북고-동의대-NC-히어로즈-경찰-히어로즈-키움
424,425,이성규,외야수,3,13.0,1993-08-03,"178cm, 82kg",광주대성초-광주동성중-광주동성고-인하대-삼성-경찰
425,426,이승민,투수,3,28.0,2000-08-26,"174cm, 79kg",본리초-경상중-대구고-삼성-상무
426,427,이승현,투수,3,57.0,2002-05-19,"183cm, 102kg",남도초-경복중-대구상원고
427,428,이승현,투수,3,57.0,2002-05-19,"183cm, 102kg",남도초-경복중-대구상원고
428,429,이재익,투수,3,26.0,1994-03-18,"180cm, 76kg",삼일초-중앙중-유신고
429,430,이재현,내야수,3,7.0,2003-02-04,"180cm, 82kg",서울이수초-선린중-서울고
430,431,이재희,투수,3,59.0,2001-10-11,"187cm, 100kg",대전신흥초-한밭중-대전고-삼성-상무
431,432,이진용,외야수,3,117.0,2006-06-30,"183cm, 80kg",평택부용초(모현메이필드)-평택청담중-북일고
432,433,이창용,내야수,3,50.0,1999-06-03,"184cm, 89kg",을지초(노원구리틀)-청량중-신흥고-강릉영동대
433,434,이해승,내야수,3,56.0,2000-08-01,"180cm, 86kg",인천서림초-신흥중-인천고-삼성-상무
434,435,이현준,내야수,3,118.0,2001-04-20,"182cm, 80kg",연현초-금릉중-비봉고-한양대
435,436,이호성,투수,3,1.0,2004-08-14,"184cm, 87kg",도원초(부천소사리틀)-동인천중-인천고
436,437,임창민,투수,3,45.0,1985-08-25,"183cm, 94kg",광주대성초-광주동성중-광주동성고-연세대-히어로즈-경찰-히어로즈-NC-두산
437,438,전병우,내야수,3,34.0,1992-10-24,"182cm, 93kg",동삼초-경남중-개성고-동아대-롯데-키움
438,439,정민성,투수,3,49.0,2005-05-09,"184cm, 98kg",군산중앙초-군산중-군산상일고
439,440,주한울,외야수,3,104.0,2002-06-08,"183cm, 83kg",성동초-건대부중-배명고
440,441,진희성,투수,3,115.0,2006-05-18,"179cm, 90kg",인천서림초-우신중-동산고
441,442,차동영,포수,3,106.0,2002-11-01,"181cm, 82kg",갈곡초(기흥구리틀)-모가중-강릉고
442,443,차승준,내야수,3,35.0,2006-11-20,"181cm, 88kg",무학초-창원신월중-용마고
443,444,천겸,투수,3,114.0,2006-01-25,"179cm, 88kg",부산수영초-개성중-부산고
444,445,최성훈,투수,3,54.0,1989-10-11,"178cm, 75kg",가동초-잠신중-경기고-경희대-LG
445,446,최예한,투수,3,109.0,2002-06-02,"183cm, 90kg",양정초-포항제철중-포항제철고-성균관대
446,447,최원태,투수,3,3.0,1997-01-07,"184cm, 104kg",인헌초(용산구리틀)-서울경원중-서울고-히어로즈-키움-LG
447,448,최지광,투수,3,11.0,1998-03-13,"173cm, 85kg",감천초-대신중-부산고-삼성-상무
448,449,최충연,투수,3,51.0,1997-03-05,"190cm, 85kg",대구수창초-대구중-경북고
449,450,최하늘,투수,3,37.0,1999-03-26,"190cm, 99kg",서울학동초-자양중-경기고-롯데-상무
450,451,함수호,외야수,3,40.0,2006-03-10,"181cm, 88kg",구미인동초(구미시리틀)-협성경복중-대구상원고
451,452,홍원표,투수,3,65.0,2001-03-27,"183cm, 86kg",신도초-부천중-부천고
452,453,홍준영,투수,3,112.0,2004-08-18,"180cm, 76kg",안산중앙초(안산리틀)-일직중-경주고-동원과학기술대
453,454,홍현빈,외야수,3,63.0,1997-08-29,"174cm, 70kg",수원신곡초-매송중-유신고-KT-상무
454,455,황동재,투수,3,61.0,2001-11-03,"191cm, 97kg",율하초-경운중-경북고
455,456,후라도,투수,3,75.0,1996-01-30,"188cm, 109kg",파나마 San Judas Tadeo(고)-키움
456,457,고명준,내야수,8,18.0,2002-07-08,"185cm, 94kg",서원초-세광중-세광고-SK
457,458,김건우,투수,8,39.0,2002-07-12,"185cm, 88kg",가현초(인천서구리틀)-동산중-제물포고-SK-SSG-상무
458,459,김광현,투수,8,29.0,1988-07-22,"188cm, 88kg",덕성초(안산리틀)-안산중앙중-안산공고-SK-세인트루이스
459,460,김규민,포수,8,61.0,2002-08-23,"180cm, 94kg",동수원초(수원영통구리틀)-매향중-공주고-여주대
460,461,김도현,투수,8,5.0,2003-05-24,"179cm, 89kg",삼송초-연세중-백송고
461,462,김민,투수,8,41.0,1999-04-14,"185cm, 88kg",인천숭의초-평촌중-유신고-KT-상무-KT
462,463,김민식,포수,8,24.0,1989-06-28,"180cm, 80kg",양덕초-마산중-마산고-원광대-SK-상무-SK-KIA
463,464,김성민,내야수,8,56.0,2001-04-30,"184cm, 88kg",서울학동초-자양중-경기고-SK
464,465,김성욱,외야수,8,47.0,1993-05-01,"181cm, 83kg",광주서림초-충장중-진흥고-NC-상무-NC
465,466,김성현,내야수,8,6.0,1987-03-09,"172cm, 72kg",송정동초-충장중-광주제일고-SK-상무-SK
466,467,김수윤,내야수,8,4.0,1998-07-16,"180cm, 83kg",김해삼성초-개성중-부산고-NC
467,468,김정민,외야수,8,4.0,2004-03-07,"180cm, 75kg",광안초(부산수영구리틀)-경남중-경남고
468,469,김준영,투수,8,3.0,2003-11-18,"178cm, 83kg",변동초(대전중구리틀)-충남중-세광고
469,470,김찬형,내야수,8,5.0,1997-12-29,"182cm, 83kg",양정초-경남중-경남고-NC-SSG-상무
470,471,김창평,외야수,8,64.0,2000-06-14,"185cm, 85kg",학강초-무등중-광주제일고-SK
471,472,김태윤,내야수,8,36.0,2003-02-28,"170cm, 65kg",창우초(하남시리틀)-배명중-배명고
472,473,김택형,투수,8,43.0,1996-10-10,"185cm, 90kg",창영초-재능중-동산고-히어로즈-SK-SSG-상무
473,474,김현재,투수,8,95.0,2006-07-03,"177cm, 78kg",대전새여울초(대전유성리틀)-한밭중-대전고
474,475,노경은,투수,8,38.0,1984-03-11,"187cm, 100kg",화곡초-성남중-성남고-두산-롯데
475,476,도재현,투수,8,2.0,2001-03-08,"193cm, 103kg",오산대원초(오산리틀)-율곡중-율곡고-사이버한국외대
476,477,류효승,외야수,8,45.0,1996-07-16,"190cm, 100kg",칠성초-경상중-대구상원고-성균관대-SK
477,478,맥브룸,외야수,8,,1992-04-09,"190cm, 99kg",미국 West Virginia(대)-SSG
478,479,문승원,투수,8,42.0,1989-11-28,"180cm, 88kg",가동초-배명중-배명고-고려대-SK-상무-SK
479,480,박기호,투수,8,66.0,2005-07-26,"184cm, 80kg",샛별초(청주시리틀)-현도중-청주고
480,481,박상후,투수,8,6.0,2003-08-05,"187cm, 87kg",칠성초(수성리틀)-대구중-경북고
481,482,박성빈,투수,8,0.0,2003-12-29,"187cm, 92kg",서울도곡초(강남구리틀)-대치중-휘문고-사이버한국외대(얼리 드래프트)
482,483,박성한,내야수,8,2.0,1998-03-30,"180cm, 77kg",순천북초-여수중-효천고-SK-상무-SK
483,484,박시후,투수,8,57.0,2001-05-10,"182cm, 88kg",상인천초-상인천중-인천고-SK
484,485,박정빈,외야수,8,58.0,2002-06-14,"182cm, 80kg",효제초-청량중-경기고
485,486,박종훈,투수,8,50.0,1991-08-13,"186cm, 90kg",군산중앙초-군산중-군산상고-SK-상무-SK
486,487,박지환,내야수,8,1.0,2005-07-12,"183cm, 75kg",군산남초-군산중-세광고
487,488,백승건,투수,8,11.0,2000-10-29,"183cm, 85kg",동막초-상인천중-인천고-SK-상무
488,489,백준서,외야수,8,69.0,2005-09-26,"181cm, 89kg",불정초(분당구리틀)-대원중-덕수고
489,490,서진용,투수,8,22.0,1992-10-02,"184cm, 88kg",남부민초-대동중-경남고-상무-SK
490,491,석정우,내야수,8,52.0,1999-01-20,"180cm, 82kg",동일중앙초-경남중-경남고-연세대
491,492,송영진,투수,8,28.0,2004-05-28,"185cm, 90kg",대전유천초-한밭중-대전고
492,493,신범수,포수,8,25.0,1998-01-25,"177cm, 83kg",광주대성초-광주동성중-광주동성고-KIA
493,494,신지환,투수,8,60.0,2006-04-17,"180cm, 81kg",강남초-성남중-성남고
494,495,신헌민,투수,8,,2002-07-19,"187cm, 88kg",학강초-광주동성중-광주동성고-SSG-상무
495,496,안상현,내야수,8,10.0,1997-01-27,"178cm, 74kg",사파초-선린중-용마고-SK-상무
496,497,안현서,투수,8,48.0,2004-10-16,"185cm, 83kg",영일초-서울신월중-경기고
497,498,앤더슨,투수,8,33.0,1994-03-22,"194cm, 83kg",미국 Galena(고)
498,499,에레디아,외야수,8,27.0,1991-01-31,"178cm, 88kg",쿠바 Eide Luis Agusto Tursios Lima
499,500,오태곤,외야수,8,37.0,1991-11-18,"186cm, 88kg",쌍문초-신월중-청원고-롯데-경찰-롯데-KT-SK
500,501,윤태현,투수,8,12.0,2003-10-10,"189cm, 93kg",상인천초-동인천중-인천고
501,502,이건욱,투수,8,16.0,1995-02-13,"182cm, 85kg",신도초-동산중-동산고-SK
502,503,이도우,투수,8,96.0,2006-05-13,"191cm, 96kg",길동초-배명중-서울컨벤션고
503,504,이로운,투수,8,92.0,2004-09-11,"185cm, 105kg",본리초-경복중-대구고
504,505,이승민,외야수,8,9.0,2005-01-06,"187cm, 90kg",서울도곡초-휘문중-휘문고
505,506,이승훈,투수,8,46.0,2004-08-12,"186cm, 81kg",서울학동초-건대부중-배재고
506,507,이원준,외야수,8,93.0,2006-03-15,"181cm, 95kg",양정초-부산중-부산고
507,508,이율예,포수,8,32.0,2006-11-21,"183cm, 90kg",중리초(함안리틀)-원동중-강릉고
508,509,이정범,외야수,8,31.0,1998-04-10,"178cm, 88kg",인천숭의초-동인천중-인천고
509,510,이지영,포수,8,59.0,1986-02-27,"177cm, 88kg",서화초-인천신흥중-제물포고-경성대-삼성-상무-삼성-키움
510,511,임근우,외야수,8,68.0,1999-07-22,"180cm, 88kg",서울도곡초-휘문중-휘문고-홍익대
511,512,임성준,투수,8,63.0,2001-11-16,"183cm, 93kg",덕현초(양주리틀)-춘천중-강릉고-강릉영동대
512,513,장지훈,투수,8,21.0,1998-12-06,"177cm, 78kg",김해삼성초-내동중-김해고-동의대-SK-SSG-상무
513,514,장현진,내야수,8,49.0,2004-05-18,"180cm, 84kg",잠일초(송파구리틀)-잠신중-서울고
514,515,전영준,투수,8,65.0,2002-04-16,"190cm, 100kg",부곡초-휘문중-대구고-SSG-상무
515,516,정동윤,투수,8,51.0,1997-10-22,"193cm, 103kg",덕성초(안산리틀)-중앙중-야탑고-SK-상무-SK
516,517,정준재,내야수,8,3.0,2003-01-03,"165cm, 68kg",상인천초-동인천중-강릉고-동국대(얼리 드래프트)
517,518,정현승,외야수,8,,2001-10-24,"180cm, 80kg",현산초-부천중-덕수고-인하대-SSG-상무
518,519,조병현,투수,8,19.0,2002-05-08,"182cm, 90kg",온양온천초-온양중-세광고-SK-SSG-상무
519,520,조요한,투수,8,98.0,2000-01-06,"191cm, 102kg",광주화정초-충장중-광주제일고-동강대-SK-SSG-상무
520,521,조형우,포수,8,20.0,2002-04-04,"187cm, 95kg",송정동초-무등중-광주제일고-SK
521,522,채현우,외야수,8,15.0,1995-11-21,"182cm, 80kg",칠성초-경복중-대구상원고-송원대-SK
522,523,천범석,투수,8,90.0,2006-03-06,"183cm, 86kg",과천문원초(안양시리틀)-수원북중-강릉고
523,524,최민준,투수,8,30.0,1999-06-11,"178cm, 83kg",부산수영초-경남중-경남고-SK-상무-SK
524,525,최민창,외야수,8,53.0,1996-04-16,"179cm, 76kg",강남초-선린중-신일고-LG
525,526,최상민,외야수,8,23.0,1999-08-20,"178cm, 75kg",석교초-청주중-북일고
526,527,최수호,투수,8,62.0,2000-07-19,"183cm, 78kg",봉천초-배명중-북일고-SK
527,528,최윤석,내야수,8,94.0,2006-04-25,"187cm, 93kg",진북초(전주시비전리틀)-전라중-전주고
528,529,최정,내야수,8,14.0,1987-02-28,"180cm, 90kg",대일초-평촌중-유신고-SK
529,530,최준우,내야수,8,7.0,1999-03-25,"176cm, 78kg",방배초-대치중-장충고-SK-상무
530,531,최지훈,외야수,8,54.0,1997-07-23,"178cm, 82kg",광주수창초-무등중-광주제일고-동국대-SK
531,532,최현석,투수,8,40.0,2003-10-16,"185cm, 90kg",서흥초-동산중-동산고-부산과학기술대
532,533,하재훈,외야수,8,13.0,1990-10-29,"182cm, 90kg",양덕초-마산동중-용마고-SK
533,534,한두솔,투수,8,34.0,1997-01-15,"177cm, 86kg",광주수창초-진흥중-광주제일고-일본 오사카 리세이샤 전문대학-KT
534,535,한유섬,외야수,8,35.0,1989-08-09,"190cm, 105kg",중앙초(해운대리틀)-대천중-경남고-경성대-SK-상무-SK
535,536,한지헌,투수,8,1.0,2004-08-14,"183cm, 86kg",길동초-건대부중-청원고-경희대(얼리 드래프트)
536,537,허진,내야수,8,67.0,2001-06-16,"175cm, 78kg",광주수창초-충장중-광주동성고-고려대
537,538,현원회,내야수,8,8.0,2001-07-08,"180cm, 95kg",가동초-경상중-대구고-SK
538,539,홍대인,내야수,8,97.0,2001-11-23,"174cm, 76kg",서원초-세광중-세광고-사이버한국외대(얼리 드래프트)
539,540,화이트,투수,8,55.0,1994-12-28,"190cm, 95kg",미국 Santa Clara(대)
540,541,강동훈,투수,4,37.0,2000-11-23,"185cm, 98kg",천안남산초-청주중-청주고-중앙대
541,542,강민제,내야수,4,13.0,2005-02-10,"181cm, 82kg",군산중앙초-군산중-군산상일고
542,543,강병우,투수,4,12.0,2003-12-12,"182cm, 88kg",군산중앙초-배명중-배명고
543,544,강이준,투수,4,2.0,1998-04-07,"190cm, 86kg",발산초-덕수중-구리인창고-KIA-상무
544,545,고종욱,외야수,4,57.0,1989-01-11,"184cm, 83kg",역삼초-대치중-경기고-한양대-히어로즈-상무-히어로즈-SK-SSG
545,546,곽도규,투수,4,0.0,2004-04-12,"185cm, 90kg",도척초-공주중-공주고
546,547,권다결,포수,4,20.0,2002-01-23,"187cm, 94kg",중대초-잠신중-신일고
547,548,김건국,투수,4,43.0,1988-02-02,"183cm, 86kg",한서초(서부리틀)-청량중-덕수고-두산-KT-롯데
548,549,김경묵,투수,4,18.0,1999-05-07,"183cm, 88kg",남도초-경상중-대구상원고
549,550,김규성,내야수,4,14.0,1997-03-08,"185cm, 88kg",갈산초-선린중-선린인터넷고
550,551,김기훈,투수,4,53.0,2000-01-03,"184cm, 93kg",광주수창초-무등중-광주동성고-KIA-상무
551,552,김대유,투수,4,69.0,1991-05-08,"187cm, 92kg",부산중앙초-부산중-부산고-히어로즈-SK-KT-LG
552,553,김도영,내야수,4,5.0,2003-10-02,"183cm, 85kg",광주대성초-광주동성중-광주동성고
553,554,김도현,투수,4,60.0,2000-09-15,"183cm, 87kg",길원초(동대문구리틀)-잠신중-신일고-한화
554,555,김두현,내야수,4,,2003-04-25,"178cm, 80kg",수원신곡초-공주중-공주고-동원대-KIA-상무
555,556,김민수,외야수,4,4.0,2000-04-05,"186cm, 87kg",부산수영초-경남중-경남고
556,557,김민재,투수,4,,2003-07-08,"188cm, 85kg",효제초-청량중-신일고-동원과학기술대-KIA-상무
557,558,김민주,투수,4,49.0,2002-09-08,"182cm, 85kg",서울청담초(성동구리틀)-건대부중-배명고-강릉영동대
558,559,김사윤,투수,4,21.0,1994-06-08,"182cm, 90kg",광주화정초-무등중-화순고-SK-상무-SK-SSG
559,560,김석환,외야수,4,35.0,1999-02-28,"187cm, 97kg",광주서석초-광주동성중-광주동성고
560,561,김선빈,내야수,4,3.0,1989-12-18,"165cm, 77kg",화순초-화순중-화순고-KIA-상무
561,562,김세일,투수,4,17.0,2003-03-02,"188cm, 91kg",부산수영초-개성중-용마고
562,563,김승현,투수,4,24.0,1992-07-09,"180cm, 105kg",노암초-경포중-강릉고-건국대-삼성-상무-삼성
563,564,김양수,투수,4,45.0,2001-01-23,"184cm, 80kg",천안남산초-천안북중-북일고
564,565,김재현,내야수,4,10.0,2000-12-02,"176cm, 81kg",광주화정초-건대부중-경기고-송원대
565,566,김정엽,투수,4,46.0,2006-04-18,"185cm, 96kg",부산수영초-개성중-부산고
566,567,김태군,포수,4,42.0,1989-12-30,"182cm, 92kg",양정초-대동중-부산고-LG-NC-경찰-NC-삼성
567,568,김태형,투수,4,10.0,2006-12-15,"184cm, 95kg",화순초-거원중-덕수고
568,569,김현수,투수,4,32.0,2000-07-10,"185cm, 90kg",효제초-홍은중-장충고-롯데-KIA-상무
569,570,김호령,외야수,4,27.0,1992-04-30,"178cm, 85kg",관산초-안산중앙중-군산상고-동국대-KIA-경찰
570,571,나성범,외야수,4,47.0,1989-10-03,"183cm, 100kg",광주대성초-진흥중-진흥고-연세대-NC
571,572,나연우,투수,4,29.0,2006-07-24,"184cm, 90kg",서울상일초-배재중-휘문고
572,573,네일,투수,4,40.0,1993-02-08,"193cm, 83kg",미국 Alabama at Birmingham(대)
573,574,박건우,투수,4,3.0,1998-06-03,"193cm, 97kg",다솜초-언북중-덕수고-고려대
574,575,박민,내야수,4,2.0,2001-06-05,"184cm, 84kg",갈산초-성남중-야탑고-KIA-상무
575,576,박상준,내야수,4,5.0,2001-08-21,"178cm, 104kg",석교초-세광중-세광고-강릉영동대
576,577,박재현,외야수,4,36.0,2006-12-08,"180cm, 73kg",동막초-재능중-인천고
577,578,박정우,외야수,4,15.0,1998-02-01,"175cm, 68kg",역삼초-언북중-덕수고
578,579,박준표,투수,4,31.0,1992-06-26,"181cm, 93kg",송정동초-진흥중-중앙고-동강대-KIA-경찰
579,580,박찬호,내야수,4,1.0,1995-06-05,"178cm, 72kg",신답초-건대부중-장충고
580,581,박헌,외야수,4,36.0,2006-01-05,"185cm, 90kg",광주수창초-충장중-광주제일고
581,582,변우혁,내야수,4,29.0,2000-03-18,"185cm, 100kg",일산초-현도중-북일고-한화-상무-한화
582,583,서건창,내야수,4,58.0,1989-08-22,"176cm, 84kg",송정동초-충장중-광주제일고-LG-히어로즈-키움-LG
583,584,성영탁,투수,4,65.0,2004-07-28,"180cm, 89kg",동주초(부산서구리틀)-개성중-부산고
584,585,신명승,포수,4,42.0,2002-11-02,"183cm, 94kg",광주수창초-진흥중-진흥고
585,586,양수호,투수,4,59.0,2006-09-09,"187cm, 82kg",보성초(대전중구리틀)-공주중-공주고
586,587,양현종,투수,4,54.0,1988-03-01,"183cm, 91kg",학강초-광주동성중-광주동성고-KIA-텍사스
587,588,엄준현,내야수,4,31.0,2006-04-20,"174cm, 75kg",서울이수초-언북중-전주고
588,589,예진원,외야수,4,8.0,1999-03-16,"172cm, 82kg",양정초-부산중-경남고-넥센-키움-상무-키움
589,590,오규석,투수,4,22.0,2001-12-04,"187cm, 97kg",희망대초-휘문중-휘문고
590,591,오선우,내야수,4,56.0,1996-12-13,"186cm, 95kg",성동초-자양중-배명고-인하대
591,592,오정환,내야수,4,7.0,1999-03-27,"185cm, 85kg",강남초-자양중-경기고
592,593,올러,투수,4,33.0,1994-10-17,"193cm, 102kg",미국 Northwestern State(대)
593,594,위즈덤,내야수,4,45.0,1991-08-27,"188cm, 99kg",미국 Saint Mary's(대)
594,595,유승철,투수,4,50.0,1998-03-02,"184cm, 87kg",순천북초-순천이수중-효천고
595,596,유지성,투수,4,4.0,2000-11-15,"189cm, 94kg",수유초-자양중-북일고
596,597,윤도현,내야수,4,9.0,2003-05-07,"181cm, 84kg",광주화정초-무등중-광주제일고
597,598,윤영철,투수,4,13.0,2004-04-20,"187cm, 87kg",창서초(서대문구리틀)-충암중-충암고
598,599,윤중현,투수,4,19.0,1995-04-25,"180cm, 84kg",광주서석초-무등중-광주제일고-성균관대
599,600,이도현,투수,4,15.0,2005-01-07,"188cm, 90kg",가동초-휘문중-휘문고
600,601,이상준,포수,4,44.0,2005-12-13,"182cm, 105kg",서울도곡초-대치중-경기고
601,602,이성원,투수,4,32.0,2006-05-18,"184cm, 90kg",호동초(화성B리틀)-안산중앙중-유신고
602,603,이승재,투수,4,14.0,2000-10-04,"182cm, 82kg",잠신초(강남구리틀)-강남중-휘문고-강릉영동대
603,604,이영재,외야수,4,9.0,2002-01-11,"185cm, 95kg",연현초-평촌중-유신고
604,605,이우성,외야수,4,25.0,1994-07-17,"182cm, 95kg",대전유천초-한밭중-대전고-두산-상무-두산-NC
605,606,이의리,투수,4,48.0,2002-06-16,"185cm, 90kg",광주수창초-충장중-광주제일고
606,607,이준범,내야수,4,11.0,2002-07-16,"184cm, 85kg",광주대성초-광주동성중-광주동성고
607,608,이준영,투수,4,20.0,1992-08-10,"177cm, 85kg",군산남초-군산중-군산상고-중앙대-KIA-상무
608,609,이창진,외야수,4,8.0,1991-03-04,"173cm, 85kg",신도초-동인천중-인천고-건국대-롯데-KT-상무-KT
609,610,이형범,투수,4,28.0,1994-02-27,"181cm, 80kg",화순초-화순중-화순고-NC-경찰-NC-두산
610,611,이호민,투수,4,63.0,2006-08-26,"182cm, 85kg",해남북일초(해남군리틀)-이평중-전주고
611,612,임기영,투수,4,17.0,1993-04-16,"184cm, 86kg",대구수창초-경운중-경북고-한화-상무
612,613,임다온,투수,4,30.0,2005-06-10,"187cm, 91kg",수택초(남양주리틀)-청량중-경기상고
613,614,장민기,투수,4,6.0,2001-12-30,"182cm, 88kg",사파초-내동중-용마고-KIA-상무
614,615,장시현,내야수,4,1.0,2001-12-21,"178cm, 75kg",서울도곡초-언북중-충암고
615,616,장재혁,투수,4,38.0,2001-08-02,"180cm, 86kg",부산금강초-대신중-경남고
616,617,전상현,투수,4,51.0,1996-04-18,"182cm, 88kg",남도초-경복중-대구상원고-KIA-상무
617,618,정해영,투수,4,62.0,2001-08-23,"189cm, 98kg",광주대성초-광주동성중-광주제일고
618,619,정해원,내야수,4,64.0,2004-05-21,"185cm, 87kg",제주신광초-덕수중-휘문고
619,620,조대현,투수,4,50.0,2005-02-19,"192cm, 85kg",남정초-영남중-강릉고
620,621,조상우,투수,4,11.0,1994-09-04,"186cm, 97kg",서화초-상인천중-대전고-히어로즈-키움
621,622,주효상,포수,4,22.0,1997-11-11,"183cm, 95kg",역북초-강남중-서울고-히어로즈-키움
622,623,최건희,투수,4,28.0,2002-07-09,"183cm, 70kg",가동초-덕수중-장충고-강릉영동대
623,624,최원준,외야수,4,16.0,1997-03-23,"178cm, 85kg",연현초-서울경원중-서울고-KIA-상무
624,625,최정용,내야수,4,23.0,1996-10-24,"179cm, 84kg",서원초-세광중-세광고-삼성-SK-상무
625,626,최지민,투수,4,39.0,2003-09-10,"185cm, 100kg",강릉율곡초(강릉리틀)-경포중-강릉고
626,627,최형우,외야수,4,34.0,1983-12-16,"180cm, 106kg",진북초-전주동중-전주고-삼성-경찰-삼성
627,628,한승택,포수,4,26.0,1994-06-21,"174cm, 83kg",잠전초(남양주리틀)-잠신중-덕수고-한화-경찰
628,629,한준수,포수,4,55.0,1999-02-13,"184cm, 95kg",광주서석초-광주동성중-광주동성고
629,630,홍원빈,투수,4,30.0,2000-10-16,"195cm, 101kg",안말초-강남중-덕수고
630,631,홍종표,내야수,4,6.0,2000-05-02,"178cm, 72kg",동막초-영남중-강릉고-KIA-상무
631,632,황대인,내야수,4,52.0,1996-02-10,"178cm, 100kg",군산신풍초-자양중-경기고-KIA-상무
632,633,황동하,투수,4,41.0,2002-07-30,"183cm, 96kg",진북초-전라중-인상고
633,634,강태경,투수,1,100.0,2001-07-26,"188cm, 95kg",양덕초-잠실중-배명고
634,635,고승완,외야수,1,60.0,2001-03-15,"178cm, 81kg",광주대성초-무등중-광주동성고-연세대
635,636,권희동,외야수,1,36.0,1990-12-30,"177cm, 85kg",동천초-경주중-경주고-경남대-NC-상무
636,637,김녹원,투수,1,22.0,2003-05-17,"182cm, 88kg",학강초-무등중-광주제일고
637,638,김동현,포수,1,103.0,2002-08-30,"180cm, 88kg",부산대연초-사직중-부산공고-성균관대
638,639,김민규,투수,1,63.0,2001-09-07,"183cm, 84kg",광주서석초-진흥중-광주동성고-경성대
639,640,김민균,투수,1,104.0,2005-01-18,"188cm, 88kg",가동초-자양중-경기고
640,641,김범준,외야수,1,66.0,2000-04-20,"183cm, 90kg",울산대현초-제일중-대구고
641,642,김세훈,내야수,1,9.0,2005-04-04,"174cm, 77kg",매호초(경산시리틀)-경운중-경북고
642,643,김시훈,투수,1,21.0,1999-02-24,"188cm, 95kg",양덕초-마산동중-마산고
643,644,김영규,투수,1,17.0,2000-02-10,"188cm, 86kg",광주서석초-무등중-광주제일고
644,645,김재열,투수,1,32.0,1996-01-02,"183cm, 97kg",양정초-개성중-부산고-KIA
645,646,김정호,포수,1,42.0,1998-07-13,"172cm, 84kg",대구옥산초-경복중-포항제철고-성균관대
646,647,김주원,내야수,1,7.0,2002-07-30,"185cm, 83kg",삼일초(군포시리틀)-안산중앙중-유신고
647,648,김준원,투수,1,106.0,2005-05-31,"190cm, 82kg",칠성초-대구중-경북고
648,649,김진우,투수,1,,2002-10-28,"178cm, 82kg",진북초-전라중-군산상고-NC
649,650,김진호,투수,1,54.0,1998-06-07,"183cm, 90kg",의왕부곡초-성일중-광주동성고-NC-경찰
650,651,김태경,투수,1,11.0,2001-04-07,"188cm, 95kg",김해삼성초-내동중-용마고-NC-상무
651,652,김태현,투수,1,15.0,1998-03-21,"188cm, 95kg",김해삼성초-내동중-김해고-NC-경찰
652,653,김태호,포수,1,109.0,2001-02-15,"178cm, 93kg",신도초(해운대리틀)-센텀중-부산정보고-동아대
653,654,김태훈,투수,1,95.0,2006-10-26,"188cm, 88kg",부평남초(부평구리틀)-동인천중-소래고
654,655,김한별,내야수,1,68.0,2001-01-18,"177cm, 85kg",효제초-선린중-배재고
655,656,김형준,포수,1,25.0,1999-11-02,"187cm, 98kg",가동초-세광중-세광고-NC-상무
656,657,김휘건,투수,1,19.0,2005-08-27,"191cm, 105kg",소양초-춘천중-휘문고
657,658,김휘집,내야수,1,44.0,2002-01-01,"180cm, 92kg",양목초(히어로즈리틀)-대치중-신일고-키움
658,659,노재원,투수,1,110.0,2001-07-26,"179cm, 93kg",중대초-배명중-배명고
659,660,데이비슨,내야수,1,24.0,1991-03-26,"190cm, 104kg",미국 Yucaipa(고)
660,661,도태훈,내야수,1,16.0,1993-03-18,"184cm, 85kg",양정초-개성중-부산고-동의대-NC-상무
661,662,라일리,투수,1,3.0,1996-07-09,"190cm, 100kg",미국 Louisville(대)
662,663,로건,투수,1,12.0,1997-05-23,"186cm, 105kg",미국 IMG Academy(고)
663,664,류진욱,투수,1,41.0,1996-10-10,"189cm, 88kg",양정초-개성중-부산고
664,665,목지훈,투수,1,20.0,2004-05-11,"181cm, 83kg",효제초-청량중-신일고
665,666,박건우,외야수,1,37.0,1990-09-08,"184cm, 80kg",역삼초-서울이수중-서울고-두산-경찰-두산
666,667,박동수,투수,1,111.0,1999-05-24,"177cm, 85kg",서울학동초-서울경원중-덕수고-고려대-NC-상무
667,668,박민우,내야수,1,2.0,1993-02-06,"185cm, 80kg",마포초(용산구리틀)-선린중-휘문고
668,669,박세혁,포수,1,10.0,1990-01-09,"181cm, 86kg",수유초-신일중-신일고-고려대-두산-상무-두산
669,670,박시원,외야수,1,53.0,2001-05-30,"185cm, 85kg",광주서림초-광주동성중-광주제일고
670,671,박영빈,외야수,1,39.0,1997-07-16,"182cm, 88kg",호원초(의정부리틀)-청량중-충암고-경희대
671,672,박인우,내야수,1,112.0,2001-12-14,"177cm, 80kg",배봉초(군포시리틀)-청량중-배명고-용인예술과학대
672,673,박주찬,내야수,1,113.0,1996-01-11,"178cm, 84kg",동막초-경포중-강릉고-동아대
673,674,박주현,투수,1,67.0,1999-08-03,"184cm, 85kg",철산초(광명리틀)-영동중-충암고-KT
674,675,박지한,투수,1,114.0,2000-10-21,"185cm, 90kg",동일중앙초-부산중-개성고
675,676,박한결,외야수,1,,2004-04-26,"181cm, 90kg",본리초-경복중-경북고-NC-상무
676,677,배재환,투수,1,61.0,1995-02-24,"186cm, 95kg",가동초-잠신중-서울고-NC-상무
677,678,서동욱,투수,1,,2004-02-26,"177cm, 80kg",신천초(송파구리틀)-대치중-신일고
678,679,서의태,투수,1,58.0,1997-09-05,"194cm, 115kg",묵동초(남양주리틀)-청량중-경기고-KT-히어로즈-키움
679,680,서준교,내야수,1,116.0,2003-05-23,"181cm, 83kg",거제제산초(거제리틀)-외포중-김해고
680,681,서호철,내야수,1,5.0,1996-10-16,"179cm, 85kg",순천남산초-순천이수중-효천고-동의대-NC-상무
681,682,소이현,투수,1,50.0,1999-02-09,"185cm, 93kg",서울이수초-서울이수중-서울디자인고
682,683,손아섭,외야수,1,31.0,1988-03-18,"174cm, 84kg",양정초-개성중-부산고-롯데
683,684,손주환,투수,1,46.0,2002-01-05,"177cm, 85kg",영천초-신정중-물금고-동아대
684,685,송승환,외야수,1,8.0,2000-10-28,"183cm, 93kg",신기초(금천구리틀)-양천중-서울고-두산
685,686,신민우,포수,1,117.0,2006-08-13,"181cm, 88kg",김해우암초(김해리틀)-내동중-마산고
686,687,신민혁,투수,1,18.0,1999-02-04,"184cm, 95kg",염강초(강서구리틀)-매향중-야탑고
687,688,신성호,내야수,1,118.0,2003-09-28,"178cm, 76kg",김해삼성초-내동중-마산고
688,689,신영우,투수,1,43.0,2004-04-21,"182cm, 84kg",센텀초-센텀중-경남고
689,690,신용석,포수,1,,2003-10-11,"181cm, 91kg",양덕초-마산동중-마산고-NC-상무
690,691,안인산,내야수,1,119.0,2001-02-27,"181cm, 95kg",군포오금초(안양시리틀)-평촌중-야탑고
691,692,안중열,포수,1,1.0,1995-09-01,"176cm, 87kg",가야초-개성중-부산고-(영남사이버대)-KT-롯데-상무-롯데
692,693,양가온솔,외야수,1,120.0,2006-02-24,"182cm, 79kg",진북초-전라중-인상고
693,694,오영수,내야수,1,34.0,2000-01-30,"178cm, 93kg",사파초-창원신월중-용마고-NC-상무
694,695,원종해,투수,1,56.0,2005-04-09,"183cm, 83kg",길동초-건대부중-장충고
695,696,유재현,내야수,1,125.0,2005-10-17,"182cm, 76kg",길동초-홍은중-경기상고
696,697,이세민,투수,1,97.0,2005-08-08,"187cm, 100kg",칠성초-경복중-대구상원고
697,698,이용찬,투수,1,45.0,1989-01-02,"185cm, 85kg",신원초-양천중-장충고-두산-상무-두산
698,699,이재학,투수,1,51.0,1990-10-04,"181cm, 84kg",대구옥산초-경복중-대구고-두산
699,700,이준혁,투수,1,40.0,2003-06-30,"184cm, 87kg",용인포곡초(처인구리틀)-성일중-율곡고-NC
700,701,이한,내야수,1,122.0,2003-08-25,"181cm, 83kg",안산해양초(안산리틀)-수원북중-유신고-NC
701,702,임상현,투수,1,28.0,2005-07-16,"184cm, 89kg",김천신일초(김천시리틀)-상원중-대구상원고
702,703,임정호,투수,1,13.0,1990-04-16,"188cm, 90kg",성동초-잠신중-신일고-성균관대-NC-상무
703,704,임지민,투수,1,123.0,2003-10-11,"185cm, 82kg",가평목동초(가평리틀)-춘천중-강원고
704,705,임형원,투수,1,124.0,2001-09-15,"183cm, 73kg",시흥계수초(소사리틀)-동산중-인천고
705,706,장창훈,내야수,1,93.0,2000-05-22,"176cm, 70kg",강남초-개군중-설악고-강릉영동대
706,707,전루건,투수,1,47.0,2000-06-09,"185cm, 80kg",도신초-충암중-부천고-두산
707,708,전사민,투수,1,57.0,1999-07-06,"194cm, 85kg",연서초(부산동래구리틀)-대신중-부산정보고-NC-상무
708,709,정주영,투수,1,133.0,2004-06-18,"184cm, 97kg",대구장기초(대구달서구리틀)-경운중-경북고
709,710,정현창,내야수,1,52.0,2006-07-14,"177cm, 70kg",김해부곡초-부산토현중-부산공고
710,711,조창연,외야수,1,127.0,2006-04-07,"185cm, 90kg",천안남산초-장충중-장충고
711,712,조현민,내야수,1,128.0,2005-03-23,"181cm, 83kg",정수초(성북구리틀)-서울이수중-충암고
712,713,조효원,내야수,1,129.0,1999-03-10,"180cm, 87kg",공주중동초-온양중-공주고-원광대
713,714,천재환,외야수,1,23.0,1994-04-01,"181cm, 83kg",대전신흥초-공주중-화순고-고려대
714,715,최보성,내야수,1,130.0,1998-10-16,"181cm, 88kg",진해장복초(진해리틀)-외포중-개성고
715,716,최성영,투수,1,26.0,1997-04-28,"180cm, 85kg",영랑초-설악중-설악고-NC-상무
716,717,최우석,투수,1,48.0,2005-03-31,"190cm, 90kg",서흥초-동인천중-비봉고
717,718,최윤혁,투수,1,131.0,2004-01-07,"185cm, 93kg",강릉율곡초-경포중-강릉고-강릉영동대
718,719,최정원,내야수,1,14.0,2000-06-24,"176cm, 70kg",서원초-청주중-청주고-NC-상무
719,720,한석현,외야수,1,33.0,1994-05-17,"181cm, 73kg",후암초-대천중-경남고-LG
720,721,한재승,투수,1,55.0,2001-11-21,"180cm, 90kg",동막초-상인천중-인천고
721,722,한재환,내야수,1,35.0,2001-10-19,"177cm, 89kg",기장대청초(기장리틀)-대신중-개성고
722,723,홍유원,투수,1,132.0,2005-05-17,"188cm, 96kg",울산대현초-포항중-대구고
723,724,홍재문,투수,1,96.0,2004-07-09,"183cm, 95kg",청주우암초-청주중-청주고-동의과학대
724,725,강동형,외야수,6,104.0,1999-12-07,"186cm, 86kg",용인초(구리리틀)-마산중-배명고-경성대
725,726,강승호,내야수,6,23.0,1994-02-09,"178cm, 88kg",순천북초-천안북중-북일고-LG-경찰-LG-SK
726,727,강현구,외야수,6,60.0,2002-06-16,"186cm, 98kg",서울도림초(인천남동구리틀)-동산중-인천고
727,728,고효준,투수,6,35.0,1983-02-08,"179cm, 81kg",서원초-세광중-세광고-롯데-SK-KIA-롯데-LG-SSG
728,729,곽빈,투수,6,47.0,1999-05-28,"187cm, 95kg",서울학동초-자양중-배명고
729,730,권휘,투수,6,18.0,2000-12-07,"181cm, 87kg",대림초-강남중-덕수고
730,731,김기연,포수,6,45.0,1997-09-07,"178cm, 106kg",광주수창초-진흥중-진흥고-LG
731,732,김대한,외야수,6,27.0,2000-12-06,"185cm, 83kg",숭인초(강북구리틀)-덕수중-휘문고
732,733,김도윤,투수,6,66.0,2002-06-28,"181cm, 83kg",신도초(계룡시리틀)-현도중-청주고
733,734,김동준,내야수,6,48.0,2002-09-04,"193cm, 100kg",군산신풍초-군산중-군산상고
734,735,김명신,투수,6,46.0,1993-11-29,"178cm, 90kg",남도초-대구중-경북고-경성대
735,736,김무빈,투수,6,64.0,2005-04-11,"181cm, 85kg",역삼초-대치중-신일고
736,737,김민규,투수,6,19.0,1999-05-07,"183cm, 90kg",장평초(광진구리틀)-잠신중-휘문고-두산-상무
737,738,김민석,외야수,6,2.0,2004-05-09,"185cm, 83kg",신도초-휘문중-휘문고-롯데
738,739,김민혁,내야수,6,10.0,1996-05-03,"188cm, 100kg",광주대성초-광주동성중-광주동성고
739,740,김민호,내야수,6,124.0,2002-02-08,"180cm, 76kg",화곡초-선린중-성남고-한양대
740,741,김성재,포수,6,116.0,2006-05-16,"182cm, 98kg",온곡초(남양주야놀유소년)-청원중-선린인터넷고
741,742,김유성,투수,6,20.0,2002-01-01,"190cm, 98kg",김해삼성초-내동중-김해고-고려대(얼리 드래프트)
742,743,김인태,외야수,6,33.0,1994-07-03,"178cm, 78kg",포항제철서초-천안북중-북일고-두산-경찰
743,744,김재환,외야수,6,32.0,1988-09-22,"183cm, 90kg",영랑초-상인천중-인천고-두산-상무
744,745,김정우,투수,6,30.0,1999-05-15,"183cm, 87kg",소래초-동산중-동산고-SK-상무-SSG
745,746,김준상,내야수,6,94.0,2004-08-02,"184cm, 75kg",부천상일초(부천원미리틀)-모가중-유신고-동의과학대
746,747,김지윤,투수,6,122.0,2004-01-13,"183cm, 84kg",서흥초-인천신흥중-인천고-여주대
747,748,김태완,투수,6,112.0,2005-03-29,"184cm, 87kg",문창초(금천구리틀)-강남중-선린인터넷고
748,749,김택연,투수,6,63.0,2005-06-03,"181cm, 88kg",동막초-상인천중-인천고
749,750,김한중,투수,6,121.0,2004-11-03,"183cm, 89kg",고명초-덕수중-경기상고-여주대
750,751,김호준,투수,6,56.0,1998-05-17,"180cm, 82kg",원주일산초-성남성일중-안산공고
751,752,남호,투수,6,102.0,2000-07-20,"185cm, 86kg",연천초-수원북중-유신고-LG
752,753,류현준,포수,6,11.0,2005-03-25,"182cm, 92kg",문정초(송파구리틀)-배재중-장충고
753,754,박계범,내야수,6,14.0,1996-01-11,"177cm, 84kg",순천북초-순천이수중-효천고-삼성-상무-삼성
754,755,박민제,투수,6,123.0,2003-10-20,"190cm, 98kg",무거초-원동중-대구상원고-동원과학기술대
755,756,박민준,포수,6,26.0,2002-10-21,"183cm, 95kg",아라초-마산동중-용마고-동강대
756,757,박성재,포수,6,15.0,2002-11-18,"186cm, 98kg",가산초-개성중-부산고-두산-상무
757,758,박신지,투수,6,49.0,1999-07-16,"185cm, 75kg",목암초(의정부리틀)-영동중-경기고-두산-상무
758,759,박연준,투수,6,120.0,2000-07-05,"184cm, 94kg",석교초-세광중-세광고-강릉영동대
759,760,박웅,투수,6,106.0,1997-11-12,"192cm, 103kg",북정초-원동중-경남고-강릉영동대
760,761,박정수,투수,6,12.0,1996-01-29,"178cm, 74kg",서울청구초-서울이수중-야탑고-KIA-경찰-KIA-NC
761,762,박준순,내야수,6,52.0,2006-07-13,"180cm, 80kg",배봉초(동대문구리틀)-청량중-덕수고
762,763,박준영,내야수,6,16.0,1997-08-05,"180cm, 90kg",서울도곡초(남양주리틀)-잠신중-경기고-NC
763,764,박지호,투수,6,4.0,2003-07-02,"181cm, 99kg",부성초(천안유소년리틀)-모가중-장안고-동강대
764,765,박지훈,내야수,6,37.0,2000-09-07,"183cm, 80kg",김해삼성초-경남중-마산고
765,766,박치국,투수,6,1.0,1998-03-10,"177cm, 78kg",인천숭의초-인천신흥중-제물포고
766,767,손율기,외야수,6,110.0,2005-06-11,"180cm, 100kg",양덕초-마산동중-용마고
767,768,신민철,내야수,6,127.0,2003-01-13,"185cm, 90kg",가동초-휘문중-휘문고
768,769,양석환,내야수,6,53.0,1991-07-15,"185cm, 90kg",백운초-신일중-신일고-동국대-LG-상무-LG
769,770,양의지,포수,6,25.0,1987-06-05,"180cm, 95kg",송정동초-무등중-진흥고-두산-경찰-두산-NC
770,771,양재훈,투수,6,92.0,2003-05-01,"186cm, 89kg",부산수영초-사직중-개성고-동의과학대
771,772,양현진,외야수,6,100.0,2002-01-03,"191cm, 86kg",길주초(안동시리틀)-포항중-영문고
772,773,여동건,내야수,6,5.0,2005-08-04,"175cm, 75kg",가동초-자양중-서울고
773,774,연서준,투수,6,118.0,2006-04-13,"185cm, 88kg",구리초-구리인창중-비봉고
774,775,오명진,내야수,6,6.0,2001-09-04,"179cm, 79kg",대전신흥초-한밭중-세광고
775,776,윤태호,투수,6,65.0,2003-10-10,"190cm, 88kg",상인천초-동인천중-인천고
776,777,이교훈,투수,6,7.0,2000-05-29,"181cm, 83kg",구리초(남양주리틀)-청원중-서울고
777,778,이민석,내야수,6,107.0,2001-11-01,"182cm, 88kg",강동초(해운대리틀)-센텀중-부산공고
778,779,이병헌,투수,6,29.0,2003-06-04,"183cm, 95kg",역삼초-영동중-서울고
779,780,이선우,내야수,6,24.0,2006-04-04,"182cm, 80kg",일산신일초(일산서구리틀)-충암중-충암고
780,781,이승진,투수,6,55.0,1995-01-07,"186cm, 86kg",수원신곡초-매송중-야탑고-상무-SK
781,782,이영하,투수,6,50.0,1997-11-01,"192cm, 91kg",영일초-강남중-선린인터넷고
782,783,이유찬,내야수,6,13.0,1998-08-05,"175cm, 68kg",동막초-천안북중-북일고-두산-상무
783,784,이주엽,투수,6,43.0,2001-03-26,"188cm, 90kg",서울이수초-성남중-성남고
784,785,이한별,내야수,6,115.0,2000-07-02,"181cm, 83kg",성동초-휘문중-휘문고-성균관대
785,786,임종성,내야수,6,3.0,2005-03-03,"183cm, 90kg",본리초-대구중-경북고
786,787,장규빈,포수,6,44.0,2001-04-21,"186cm, 98kg",갈산초-서울신월중-경기고
787,788,장승현,포수,6,22.0,1994-03-07,"184cm, 86kg",인천서림초-동산중-제물포고-두산-경찰
788,789,장우진,투수,6,126.0,2004-03-20,"188cm, 84kg",제주중앙초-천안북중-북일고
789,790,잭로그,투수,6,39.0,1996-04-23,"183cm, 84kg",미국 Archbishop Moeller(고)-미국 Kentucky(대)
790,791,전다민,외야수,6,9.0,2001-08-21,"177cm, 75kg",길동초-청원중-설악고-강릉영동대
791,792,정수빈,외야수,6,31.0,1990-10-07,"175cm, 70kg",수원신곡초-수원북중-유신고-두산-경찰
792,793,정은재,투수,6,102.0,1991-12-31,"192cm, 92kg",화곡초-덕수중-선린인터넷고
793,794,제환유,투수,6,93.0,2000-09-30,"183cm, 76kg",둔산초-공주중-공주고
794,795,조수행,외야수,6,51.0,1993-08-30,"178cm, 73kg",노암초-경포중-강릉고-건국대-두산-상무
795,796,조제영,투수,6,38.0,2001-02-12,"182cm, 89kg",양덕초-마산중-용마고
796,797,주양준,외야수,6,117.0,2006-04-09,"188cm, 85kg",부산화정초(부산북구리틀)-개성중-경남고
797,798,지강혁,내야수,6,125.0,2000-08-14,"181cm, 83kg",광주서석초-광주동성중-광주동성고-KT
798,799,천현재,포수,6,103.0,1999-07-05,"183cm, 90kg",연제초(부산남구리틀)-신정중-부경고-성균관대
799,800,최민석,투수,6,68.0,2006-07-02,"188cm, 84kg",중대초-양천중-서울고
800,801,최세창,투수,6,109.0,2001-06-01,"187cm, 95kg",예원초-사직중-개성고
801,802,최승용,투수,6,28.0,2001-05-11,"190cm, 87kg",양오초-모가중-소래고
802,803,최우인,투수,6,108.0,2002-08-09,"191cm, 91kg",가동초-대치중-서울고
803,804,최우혁,외야수,6,119.0,2005-12-02,"190cm, 90kg",신곡초-매향중-라온고
804,805,최원준,투수,6,61.0,1994-12-21,"182cm, 91kg",수유초-신일중-신일고-동국대
805,806,최종인,투수,6,40.0,2001-05-01,"185cm, 84kg",해강초-센텀중-부산고
806,807,최준호,투수,6,41.0,2004-06-03,"188cm, 90kg",온양온천초-온양중-북일고
807,808,최지강,투수,6,42.0,2001-07-23,"180cm, 88kg",광주서석초-광주동성중-광주동성고-강릉영동대
808,809,추재현,외야수,6,36.0,1999-02-22,"178cm, 85kg",경수초(성동구리틀)-건대부중-신일고-히어로즈-키움-롯데-상무-롯데
809,810,케이브,외야수,6,8.0,1992-12-04,"183cm, 90kg",미국 Kecoughtan(고)
810,811,콜어빈,투수,6,57.0,1994-01-31,"193cm, 102kg",미국 Servite(고)-미국 Oregon(대)
811,812,한다현,내야수,6,114.0,2006-08-25,"181cm, 85kg",백문초-구리인창중-라온고
812,813,홍건희,투수,6,17.0,1992-09-29,"187cm, 97kg",화순초-화순중-화순고-KIA-상무-KIA
813,814,홍민규,투수,6,67.0,2006-09-11,"183cm, 87kg",서울논현초(용산구리틀)-대원중-야탑고
814,815,홍성호,외야수,6,34.0,1997-07-15,"187cm, 98kg",인헌초-선린중-선린인터넷고
815,816,황희천,투수,6,58.0,2006-11-06,"190cm, 93kg",부산수영초-개성중-충암고
816,817,강진성,내야수,10,27.0,1993-10-19,"176cm, 89kg",가동초-잠신중-경기고-NC-경찰-NC-두산-SSG
817,818,고영우,내야수,10,44.0,2001-06-21,"173cm, 80kg",부산대연초(사상구리틀)-대동중-경남고-성균관대
818,819,권혁빈,내야수,10,71.0,2005-11-04,"185cm, 75kg",칠성초-경상중-대구고
819,820,김건희,포수,10,12.0,2004-11-07,"186cm, 96kg",대전신흥초-온양중-원주고
820,821,김동규,투수,10,99.0,2004-07-09,"194cm, 100kg",서울청구초-영남중-성남고-LG
821,822,김동엽,외야수,10,38.0,1990-07-24,"186cm, 101kg",천안남산초-천안북중-북일고-SK-삼성
822,823,김동헌,포수,10,47.0,2004-07-15,"182cm, 91kg",영문초(영등포구리틀)-충암중-충암고
823,824,김병휘,내야수,10,23.0,2001-02-16,"177cm, 79kg",효제초-홍은중-장충고
824,825,김서준,투수,10,59.0,2006-12-22,"187cm, 83kg",고양화정초(일산서구리틀)-원당중-충훈고
825,826,김선기,투수,10,49.0,1991-09-01,"187cm, 98kg",석교초-세광중-세광고-상무-히어로즈
826,827,김성민,투수,10,8.0,1994-04-26,"181cm, 90kg",대구옥산초-경복중-대구상원고-일본경제대-SK-히어로즈
827,828,김연주,투수,10,68.0,2004-02-27,"175cm, 75kg",대전신흥초-충남중-세광고
828,829,김웅빈,내야수,10,10.0,1996-02-09,"182cm, 97kg",서라벌초-울산제일중-울산공고-히어로즈-상무
829,830,김윤하,투수,10,19.0,2005-03-07,"185cm, 90kg",와부초(남양주리틀)-덕수중-장충고
830,831,김인범,투수,10,67.0,2000-01-12,"187cm, 91kg",하남동부초(하남시리틀)-전라중-전주고-키움-상무
831,832,김재현,포수,10,32.0,1993-03-18,"178cm, 90kg",진북초-전라중-대전고-히어로즈-상무
832,833,김주훈,투수,11,69.0,2003-06-25,"180cm, 80kg",울산대현초-부산신정중-용마고-동원과학기술대
833,834,김지성,포수,11,65.0,2004-05-27,"174cm, 91kg",창영초-재능중-율곡고
834,835,김태진,내야수,10,1.0,1995-10-07,"169cm, 73kg",수유초-신일중-신일고-NC-경찰-NC-KIA
835,836,로젠버그,투수,10,22.0,1995-07-09,"186cm, 90kg",미국 California State(대)
836,837,박범준,투수,10,45.0,2004-05-28,"183cm, 75kg",대전신흥초-한밭중-대전고
837,838,박성빈,포수,10,56.0,2004-04-21,"177cm, 94kg",한밭초(계룡시리틀)-충남중-대전고
838,839,박수종,외야수,10,14.0,1999-02-25,"178cm, 82kg",도신초-강남중-충암고-경성대
839,840,박승주,투수,11,42.0,1994-02-12,"183cm, 96kg",화계초-언북중-경기고-동국대-넥센
840,841,박승호,투수,11,80.0,2005-03-24,"185cm, 92kg",영등초(익산시리틀)-전라중-군산상일고
841,842,박윤성,투수,10,35.0,2004-02-08,"183cm, 96kg",부산수영초-개성중-경남고
842,843,박정훈,투수,10,94.0,2006-03-23,"192cm, 103kg",삼일초-매향중-비봉고
843,844,박주성,투수,10,0.0,2000-11-09,"180cm, 90kg",경동초(성동구리틀)-건대부중-경기고-키움-상무
844,845,박주홍,외야수,10,57.0,2001-04-16,"187cm, 87kg",자양초(하남시리틀)-건대부중-장충고
845,846,박준형,포수,11,75.0,1999-03-07,"177cm, 89kg",화순초-무등중-광주제일고
846,847,박채울,외야수,11,79.0,2004-11-20,"185cm, 86kg",부평초(인천서구리틀)-재능중-충암고
847,848,백진수,투수,11,84.0,2003-02-15,"191cm, 97kg",광주대성초-무등중-광주제일고
848,849,변상권,외야수,10,9.0,1997-04-04,"180cm, 80kg",인천서림초-상인천중-제물포고-인천재능대-히어로즈-키움-상무
849,850,서유신,내야수,10,98.0,2000-08-17,"176cm, 76kg",광주수창초-충장중-화순고-원광대
850,851,손현기,투수,10,63.0,2005-10-22,"188cm, 88kg",순천북초-순천이수중-전주고
851,852,손힘찬,투수,10,37.0,2002-07-17,"191cm, 88kg",화산초(수원영통구리틀)-현도중-세광고-동아대
852,853,송성문,내야수,10,24.0,1996-08-29,"183cm, 88kg",봉천초(용산구리틀)-홍은중-장충고-히어로즈-키움-상무
853,854,송지후,내야수,10,86.0,2005-01-08,"175cm, 74kg",광주수창초-진흥중-광주제일고
854,855,스톤 개랫,외야수,10,26.0,1995-11-22,"185cm, 103kg",미국 George Ranch(고)
855,856,심휘윤,내야수,11,91.0,2005-05-28,"183cm, 84kg",사당초-언북중-배재고
856,857,알칸타라,투수,10,54.0,1992-12-04,"193cm, 100kg",도미니카 Liceo secundario Emma Balaguer(고)-KT-두산
857,858,양경식,내야수,11,64.0,2001-02-03,"171cm, 66kg",은봉초(인천남동구리틀)-동산중-제물포고
858,859,양지율,투수,10,55.0,1998-12-16,"185cm, 103kg",서울청구초-홍은중-장충고
859,860,양현종,내야수,10,70.0,2006-08-15,"177cm, 84kg",대구옥산초-협성경복중-대구고
860,861,어준서,내야수,10,92.0,2006-11-27,"183cm, 87kg",수유초-자양중-경기고
861,862,여동욱,내야수,10,93.0,2005-11-10,"180cm, 90kg",남도초-협성경복중-대구상원고
862,863,염승원,내야수,11,39.0,2006-03-20,"180cm, 78kg",고명초-휘문중-휘문고
863,864,오상원,투수,11,0.0,2004-07-21,"184cm, 82kg",서울온곡초(광진구리틀)-청원중-선린인터넷고
864,865,오석주,투수,10,31.0,1998-04-14,"180cm, 74kg",양정초-대천중-제주고-LG
865,866,오선진,내야수,10,60.0,1989-07-07,"178cm, 80kg",화곡초-성남중-성남고-한화-상무-한화-삼성-한화-롯데
866,867,오혜성,투수,11,83.0,2006-02-27,"181cm, 85kg",서래초(인천남동구리틀)-신흥중-제물포고
867,868,원성준,외야수,10,33.0,2000-03-31,"181cm, 80kg",고명초-서울이수중-경기고-성균관대
868,869,원종현,투수,10,46.0,1987-07-31,"182cm, 88kg",군산중앙초-군산중-군산상고-LG-경찰-NC
869,870,윤석원,투수,10,95.0,2003-07-04,"185cm, 81kg",부산대연초-개성중-부산고
870,871,윤현,투수,10,96.0,2006-10-20,"187cm, 90kg",가동초-자양중-경기고
871,872,이강준,투수,10,11.0,2001-12-14,"180cm, 80kg",서당초-설악중-설악고-KT-롯데-키움-상무
872,873,이명기,내야수,11,34.0,2000-01-03,"186cm, 105kg",광주대성초-충장중-광주동성고
873,874,이승원,내야수,10,,2004-07-02,"185cm, 75kg",도봉초(노원구리틀)-상명중-덕수고-키움-상무
874,875,이우석,투수,11,102.0,1996-04-16,"185cm, 80kg",군산남초-군산남중-군산상고-NC-상무-NC
875,876,이우현,투수,11,40.0,2005-11-27,"183cm, 80kg",배양초(화성동탄리틀)-안산중앙중-비봉고
876,877,이원석,내야수,10,17.0,1986-10-21,"181cm, 82kg",학강초-광주동성중-광주동성고-(세민디지털대)-롯데-두산-상무-두산-삼성
877,878,이재상,내야수,10,5.0,2005-04-17,"183cm, 85kg",갈산초-성남중-성남고
878,879,이종민,투수,10,,2001-06-04,"185cm, 96kg",성동초-덕수중-성남고-키움-상무
879,880,이주형,외야수,10,2.0,2001-04-02,"181cm, 80kg",송수초(해운대리틀)-센텀중-경남고-LG
880,881,이주형,내야수,10,58.0,2002-07-05,"183cm, 105kg",이매초-매송중-야탑고-키움-상무
881,882,이준우,투수,10,21.0,2001-03-02,"183cm, 93kg",문현초(해운대리틀)-센텀중-경남고
882,883,이형종,외야수,10,36.0,1989-06-07,"183cm, 87kg",화곡초-양천중-서울고-LG
883,884,임병욱,외야수,10,6.0,1995-09-30,"187cm, 94kg",수원신곡초-배명중-덕수고-히어로즈-키움-상무
884,885,임지열,외야수,10,29.0,1995-08-22,"180cm, 94kg",대전신흥초-건대부중-덕수고-히어로즈-경찰
885,886,임진묵,투수,10,82.0,2006-04-23,"181cm, 85kg",천안청룡초-상명중-경기상고
886,887,장재영,외야수,10,,2002-05-10,"187cm, 83kg",갈산초-서울신월중-덕수고-키움-상무
887,888,장필준,투수,10,18.0,1988-04-08,"190cm, 90kg",온양온천초-온양중-북일고-상무-삼성
888,889,전준표,투수,10,62.0,2005-05-07,"186cm, 90kg",잠일초(강동구리틀)-잠신중-서울고
889,890,전태현,내야수,10,97.0,2006-03-02,"180cm, 82kg",양덕초-마산동중-용마고
890,891,정동준,투수,11,85.0,2002-01-14,"183cm, 90kg",동주초(부산서구리틀)-외포중-용마고-경남대
891,892,정세영,투수,10,77.0,2006-09-23,"177cm, 82kg",서울학동초-언북중-경기상고
892,893,정현우,투수,10,13.0,2006-04-13,"181cm, 91kg",홍제초(서대문구리틀)-충암중-덕수고
893,894,조성훈,투수,11,43.0,1999-03-22,"188cm, 85kg",응봉초(성동구리틀)-건대부중-청원고-SK-상무-SK-SSG
894,895,조영건,투수,10,20.0,1999-02-04,"180cm, 85kg",대전신흥초-충남중-백송고
895,896,주성원,외야수,10,25.0,2000-08-30,"182cm, 95kg",부산대연초(남구리틀)-부산신정중-개성고
896,897,주승우,투수,10,30.0,2000-01-30,"180cm, 82kg",송추초(의정부리틀)-영동중-서울고-성균관대
897,898,최주환,내야수,10,53.0,1988-02-28,"177cm, 73kg",학강초-광주동성중-광주동성고-두산-상무-두산-SK-SSG
898,899,카디네스,외야수,10,4.0,1997-10-10,"185cm, 93kg",미국 California State(대)-삼성
899,900,푸이그,외야수,10,,1990-12-07,"188cm, 108kg",쿠바 EIEFD(대)-키움
900,901,하영민,투수,10,50.0,1995-05-07,"183cm, 74kg",광주수창초-진흥중-진흥고-히어로즈
